Timestamp,Program Studi,Tahun Masuk UIN Jakarta,Tahun Wisuda,Bulan Wisuda,Status saat ini,Waktu Mendapatkan Pekerjaan,Perusahaan,Posisi,Tahun Wirausaha,Bidang wirausaha,Penghasilan,Tahun Masuk S2,Universitas S2,Tahun Masuk S3,Universitas S3,Nama Prodi S2/S3,Kesesuaian Kurikulum,Kesesuaian Bidang Ilmu,Saran
6/4/2024 11:27,Prodi Agribisnis S1,2018,2024,Mei,Melamar Pekerjaan,,,,,,,,,,,,4,4,
6/4/2024 11:28,Prodi Agribisnis S1,2018,2024,Mei,Karyawan Swasta,6,AHHA Korpora Indonesia,Host Live,,,,,,,,,5,5,
6/4/2024 11:28,Prodi Agribisnis S1,2017,2024,Mei,Melamar Pekerjaan,3,,,,,,,,,,,4,4,
6/4/2024 11:29,Prodi Agribisnis S1,2019,2024,Mei,Melamar Pekerjaan,,,,,,,,,,,,4,4,
6/4/2024 11:30,Prodi Agribisnis S1,2018,2024,Mei,Pengajar,3,,,,,,,,,,,4,3,
6/4/2024 11:30,Prodi Agribisnis S1,2019,2024,Mei,Melamar Pekerjaan,,,,,,,,,,,,4,4,
6/4/2024 11:34,Prodi Kimia,2010,2014,November,ASN/PNS,3,Pemerintah Kota Tangerang Selatan,Pranata Laboratorium Kemetrologian Ahli Pertama,,,,2018,UI,,,Teknik Kimia,4,3,"Tingkatkan lagi perkuliahan dengan dosen tamu, bisa diisi oleh profesional atau alumni"
6/4/2024 12:04,Prodi Kimia,2019,2023,Februari,Karyawan Swasta,3,Monarch Multi Industries ,QC Head ,,,5000000,,,,,,3,3,
6/4/2024 12:07,Prodi Agribisnis S1,2018,2024,Mei,Melamar Pekerjaan,,,,,,,,,,,,4,4,
6/5/2024 15:37,Prodi Agribisnis S1,2019,2024,Mei,Melamar Pekerjaan,,,,,,,,,,,,5,4,
6/6/2024 8:37,Prodi Kimia,2019,2023,November,Karyawan Swasta,3,PT dunia rasa indah (Enesis Group),Rnd analyst AnDev ,,,5400000,,,,,,4,4,
6/25/2024 10:49,Prodi Kimia,2020,2024,Agustus,Melamar Pekerjaan,,,,,,,,,,,,4,4,
6/26/2024 14:36,Prodi Kimia,2011,2015,Agustus,Karyawan BUMN,3,"PT. Bank Mandiri (Persero), Tbk",Officer / Assisstant Manager,,,,,,,,,4,3,"Pada kurikulum bisa diinput materi terkait soft skills yg akan berguna di pekerjaan nantinya terutama terkait leadership, communication dan problem solving skills. "
6/26/2024 14:39,Prodi Kimia,2020,2024,Agustus,Melamar Pekerjaan,,,,,,,,,,,,5,4,
6/26/2024 14:42,Prodi Kimia,2019,2024,Mei,Melamar Pekerjaan,,,,,,,,,,,,5,5,
6/26/2024 14:43,Prodi Kimia,2008,2013,Februari,Karyawan Swasta,3,,Compliance APU PPT Senior Associate,,,12000000,,,,,,3,3,"banyak sekali ilmu dan pengalaman dari bapak dan ibu dosen maupun teman-teman. Lingkungan di kampus juga sangat nyaman. Selain itu, fasilitasnya juga lengkap sehingga sangat mendukung dan memudahkan para mahasiswa dalam kegiatan belajar.

Semoga walaupun mahasiswanya sudah lulus dari Prodi Kimia Kampus UIN, semoga pihak kampus terutama Prodi dapat memberikan ruang bagi para alumni untuk berkarier dan menuangkan kompetensinya."
6/26/2024 14:45,Prodi Kimia,2002,2009,Agustus,Karyawan Swasta,3,UIN Syarif Hidayatullah Jakarta,Laboran Kimia,,,6000000,,,,,,4,5,
6/26/2024 14:45,Prodi Kimia,2002,2007,Mei,Karyawan Swasta,6,UIN Syarif Hidayatullah ,Pengelola Laboratorium,,,6000000,,,,,,3,4,Lebih update lagi dengan lingkungan kerja di luar. Bila memang mau yang bekerja agar punya kompetensi yang bersaing. Bila melanjutkan studi ada program kerjasama dengan antar univ atau luar negeri. 
6/26/2024 14:45,Prodi Kimia,2011,2015,November,Karyawan BUMN,3,PT. Bank Mandiri (Persero) tbk,Mikro kredit Analis,,,5000000,,,,,,5,3,
6/26/2024 14:47,Prodi Kimia,2013,2017,Agustus,Karyawan Swasta,3,PT. Unza Vitalis,Supervisor,,,8000000,,,,,,3,4,
6/26/2024 14:49,Prodi Kimia,2011,2015,November,Pengajar,3,Sekolah Murid Merdeka,Tim Learning Coordinator dan Guru,,,5000000,,,,,,3,3,Terima Kasih untuk semua tim dosen yang memberikan ilmu baik secara akademik maupun pengalaman hidup. Tetap semangat untuk mencetak lulusan-lulusan terbaik dari FST khususnya prodi Kimia
6/26/2024 14:50,Prodi Kimia,2019,2024,Mei,Melamar Pekerjaan,,,,,,,,,,,,3,4,
6/26/2024 15:01,Prodi Kimia,2009,2014,Februari,Karyawan Swasta,3,PT. OTSUKA INDONESIA,Sales Eksekutif,,,8000000,,,,,,4,3,sukses selalu prodi kimia FST UIN
6/26/2024 15:10,Prodi Kimia,2019,2024,Agustus,Melamar Pekerjaan,,,,,,,,,,,,5,5,
6/26/2024 15:17,Prodi Kimia,2019,2024,Mei,Melamar Pekerjaan,,,,,,,,,,,,4,4,
6/26/2024 15:22,Prodi Kimia,2018,2023,November,Karyawan Swasta,3,PT Mitralab Buana ,Analis Laboratorium Lingkungan,,,5000000,,,,,,4,4,"Program magang (pkl) yang di wajibkan oleh prodi sangat membantu saya untuk lebih cepat beradaptasi di dunia kerja, akan lebih baik lagi jika penggunaan instrumen seperti GCMS dan HPLC dapat dilakukan praktikumnya di kampus dan di fasilitasi sertifikat keahlian penggunaan instrumen tersebut, terimakasih :)"
6/26/2024 16:09,Prodi Matematika,2020,2024,Mei,Karyawan Swasta,3,Karya Anugrah Teknologi,Telemarketing,,,4800000,,,,,,4,4,
6/26/2024 16:10,Prodi Matematika,2019,2023,Agustus,melanjutkan studi,3,,,,,,2024,UI,,,Matematika,5,5,
6/26/2024 16:10,Prodi Matematika,2018,2022,Februari,Karyawan Swasta,3,DLT Science Foundation,Staff Data Engineer,2022,ticketing services,10000000,,,,,,3,4,
6/26/2024 16:14,Prodi Matematika,2016,2021,Mei,melanjutkan studi,,,,,,,2021,UI,,,"Matematika, FMIPA",5,5,Materi pembelajaran yang Bapak/Ibu dosen berikan selama proses perkuliahan S1 sangat membantu saya dalam melanjutkan studi. Semoga prodi Matematika FST bisa terus berkembang menjadi lebih baik.
6/26/2024 16:16,Prodi Matematika,2019,2023,November,Karyawan Swasta,3,Astra Credit Companies,AR Support Analyst,,,7000000,,,,,,3,4,lebih memperbanyak waktu praktek di luar kampus untuk mendapat pengalaman lebih lama di lapangan kerja 
6/26/2024 16:27,Prodi Matematika,2019,2023,November,Melamar Pekerjaan,,,,,,,,,,,,4,4,
6/26/2024 16:30,Prodi Matematika,2018,2023,Agustus,Karyawan Swasta,3,PT Peniti Valasindo ,Grand Admin ,,,5000000,,,,,,2,2,
6/26/2024 16:41,Prodi Matematika,2014,2019,November,Karyawan Swasta,13,Astra Credit Companies,Admin,,,6000000,,,,,,3,3,
6/26/2024 16:45,Prodi Kimia,2019,2024,Mei,Pengajar,3,SMA Islam Al-Mukhlishin,Guru Honorer,,,1000000,,,,,,5,4,
6/26/2024 17:02,Prodi Matematika,2015,2020,November,Karyawan Swasta,6,PT Indosiar Visual Mandiri ,Officer planning,,,,,,,,,4,4,
6/26/2024 17:12,Prodi Kimia,2019,2024,Mei,Melamar Pekerjaan,,,,,,,,,,,,5,3,Selama berada di FST terutama prodi Kimia sangat menekankan pengembangan ilmu melalui Kuliah Umum dan lain-lain. Alangkah baiknya diperbanyak dalam  kerjasama pelatihan-pelatihan untuk kerja bagi prodi Kimia di lingkungan kerja misal Sistem Managemen Laboratorium dsb.
6/26/2024 17:39,Prodi Kimia,2018,2023,Februari,Wirausaha,,,,2022,"NayaOutfit : Usaha di bidang fashion muslimah dengan memenafaatkan e-commerce shopee, tiktok, lazada... Faeyzabouquet: membuat kerajinan buket dengan jangkauan yang cukup luas... Famanany_style : fashion anak muda namun sedang tidak beroperasi",10000000,,,,,,3,3,
6/26/2024 17:43,Prodi Kimia,2008,2012,Februari,Karyawan Swasta,3,PT. DKSH Indonesia,Manager Technical Lab,,,25000000,,,,,,4,4,Kurikulum di kuliah baik teori maupun praktek sesuai dengan kebutuhan industri yang saya geluti
6/26/2024 17:45,Prodi Matematika,2020,2024,Februari,Karyawan Swasta,3,PT Honda Trading Indonesia,Niguri Steel Procurement,,,9000000,,,,,,3,4,"Dari apa yang telah saya kerjakan di dunia pekerjaan, teori-teori dari apa yang telah saya pelajari sangat banyak yang tidak terpakai, alangkah lebih baiknya, perbanyak case study karena mhs akan lebih mudah menyesuaikan dengan dunia pekerjaan nantinya. walaupun mhs akan melanjutkan ke jenjang S2 atau lebih tinggi, case study sangat membantu dalam memahami materiüôè"
6/26/2024 18:24,Prodi Matematika,2018,2023,Februari,Karyawan Swasta,3,PT Tenos Data Teknologi,Lead Data Analyst,,,5000000,,,,,,4,5,
6/26/2024 18:27,Prodi Matematika,2015,2020,Februari,Karyawan Swasta,13,PT IMPACT PROJECT PT KALDU SARI NABATI INDONESIA,DATA ANALIS,,,7000000,,,,,,4,4,
6/26/2024 18:30,Prodi Matematika,2015,2021,Februari,Karyawan Swasta,6,PT Agres Info Teknologi,Admin Staf,,,5000000,,,,,,3,3,
6/26/2024 18:31,Prodi Matematika,2009,2015,November,Pengajar,3,"Yayasan Tunas Bangsa Insan Mandiri, Yayasan Akselerasi Islami Siswa Indonesia","Sekertaris Yayasan, Ketua Yayasan",2019,Pendidikan / Training,6200000,,,,,,4,4,SELURUH Prodi buka Paska Sarjana
6/26/2024 18:34,Prodi Matematika,2017,2022,November,Karyawan Swasta,3,Independence Research Operational Partner ,Staff,,,4000000,,,,,,4,4,
6/26/2024 18:41,Prodi Matematika,2017,2023,Mei,Pengajar,3,,,,,5000000,,,,,,5,4,
6/26/2024 18:50,Prodi Matematika,2016,2022,Mei,Karyawan Swasta,3,MNC Vision+,Data Engineer,,,,,,,,,4,4,
6/26/2024 18:58,Prodi Matematika,2011,2015,Agustus,Karyawan Swasta,3,,,,,,2019,Innopolis University,,,Data Science,5,5,
6/26/2024 19:01,Prodi Matematika,2014,2019,Februari,Pengajar,3,Universitas Islam Negeri Sultan Maulana Hasanuddin Banten,Sekertaris Jurusan,,,9000000,2019,UI,,,Matematika,4,5,Meningkatkan kerjasama dengan industri
6/26/2024 19:03,Prodi Agribisnis S2,2021,2023,Agustus,ASN/PNS,,Kementerian Pertanian,Koodinator Kelompok Subtansi Kelembagaan Pembiayaan,,,15000000,,,,,,3,4,Penyesuaian kurikulum sejalan dengan perkembangan agribisnis dengan tetap mencatumkan agribisnis secara syariah
6/26/2024 19:10,Prodi Agribisnis S2,2019,2023,November,ASN/PNS,3,BAPANAS,Kepala Sub Koordinator,,,11000000,,,,,,5,5,Semoga FST UIN menghasilkan lulusan handal yang jauh lebih profesional dengan metode pengembangan kurikulum berbasis teknologi pertanian
6/26/2024 19:40,Prodi Matematika,2017,2022,November,Pengajar,3,Pribadi Depok Bilingual School,Guru Matematika,,,4000000,,,,,,4,4,
6/26/2024 19:41,Prodi Matematika,2019,2023,Februari,Pengajar,3,,,,,,,,,,,4,4,
6/26/2024 19:46,Prodi Matematika,2015,2022,Mei,,3,,,,,,,,,,,5,3,
6/26/2024 19:46,Prodi Matematika,2016,2021,November,melanjutkan studi,3,,,,,,2024,UI,,,Matematika,4,4,
6/26/2024 19:48,Prodi Matematika,2020,2024,Februari,melanjutkan studi,,,,,,,2024,IPB,,,Statistika dan Sains Data,4,4,
6/26/2024 19:50,Prodi Matematika,2018,2023,Agustus,Karyawan Swasta,3,Madinah Group Indonesia,Staff Teknis,2014,KOS,10000000,,,,,,5,5,
6/26/2024 19:51,Prodi Matematika,2019,2023,Februari,Karyawan Swasta,3,PT. Mitra Adiperkasa Tbk.,Data Analyst,,,,,,,,,5,5,
6/26/2024 19:52,Prodi Matematika,2018,2023,Agustus,Internship,3,PT Eka Jaya Internasional,Document Controller Intern,,,3000000,,,,,,4,4,"Untuk sekarang sistem nya sudah lebih baik dan lebih jelas flow nya sehingga mahasiswa juga lebih mudah kalau butuh info dari prodi, terima kasih pak bu"
6/26/2024 20:03,Prodi Matematika,2002,2006,November,Karyawan Swasta,3,Universitas Pamulang ,Dosen,,,11000000,2008,Universitas Mercubuana ,,,Manajemen,4,4,
6/26/2024 20:08,Prodi Kimia,2019,2024,Februari,Melamar Pekerjaan,,,,,,,,,,,,5,5,"Untuk penjadwalan seminar proposal, seminar hasil, dan sidang mohon sistemnya diperbaiki. Karena kebanyakan mahasiswa sudah siap tetapi kesulitan mendapatkan jadwal karena harus mencari jadwal sendiri dari 4 dosen, apalagi 1 dosen memegang banyak mahasiswa sehingga jadwal rebutan dan bentrok menyebabkan kelulusan makin lama bahkan sampai harus menambah semester lagi hanya untuk mendapatkan jadwal. Jika penjadwalan lebih efektif memungkinkan akan banyak mahasiswa yang lulus tepat waktu atau bahkan sebelum waktunya. "
6/26/2024 20:09,Prodi Matematika,2009,2013,November,Mengurus Rumah Tangga,3,,,,,,,,,,,4,4,Tambah kurikulum tentang penerapan matematika dalam segala bidang
6/26/2024 20:12,Prodi Matematika,2004,2008,Februari,ASN/PNS,3,,,,,,,,,,,5,5,
6/26/2024 20:22,Prodi Matematika,2009,2013,November,Karyawan Swasta,3,PT. Johnson Home Hygiene Product,Category Management,,,,,,,,,4,3,
6/26/2024 20:24,Prodi Matematika,2018,2023,Agustus,Karyawan Swasta,3,PT. Kinarya Alihdaya Mandiri,Data Analitics,,,5000000,,,,,,3,3,
6/26/2024 20:29,Prodi Matematika,2015,2020,November,Karyawan Swasta,3,PT. Mulia Sawit Agro Lestari,Research & Development Officer,,,5200000,,,,,,3,3,
6/26/2024 20:47,Prodi Matematika,2015,2020,Februari,Karyawan Swasta,6,,,,,,,,,,,3,4,"latihan mengerjakan study case di industri, terutama utk bidang yg berhubungan dgn data analisis, didorong utk ikut hackathon. kesannya saya sangat terbantu dgn materi kuliah query dan analisis modeling (diajarkan pak taufik) shg itu membekas di benak saya, sbg bahan nostalgia juga"
6/26/2024 21:01,Prodi Matematika,2016,2022,November,Karyawan Swasta,3,YAMADA Consulting & Spire Indonesia ,Consumer Research Consultant ,,,,,,,,,4,3,
6/26/2024 21:02,Prodi Matematika,2015,2020,Mei,Mengurus Rumah Tangga,3,,,,,,,,,,,4,4,
6/26/2024 21:39,Prodi Matematika,2019,2023,November,Karyawan Swasta,3,KSP Sehati Makmur Abadi,Internal Auditor,,,6000000,,,,,,4,5,
6/26/2024 21:52,Prodi Kimia,2019,2023,November,Karyawan Swasta,3,Bimbel Gama UI,Asisten Manager,,,,,,,,,4,3,
6/26/2024 22:07,Prodi Matematika,2020,2024,Mei,melanjutkan studi,,,,,,,2024,IPB,,,Statistika dan Data Sains,4,4,"Saya berharap pengembangan fasilitas, baik fasilitas akademik maupun penyediaan mushalla perempuan, dan kamar mandi ditingkatkan, terlebih ini FST, rasanya disayangkan apabila lab (terkhusus matematika) belum mampu untuk membantu proses pembelajaran, proyektor yang terkadang bisa digunakan kadang tidak, ruangan gelap, dan sebagainya. Saya sangat berharap FST memiliki fasilitas yang mencerminkan Sains dan Teknologi"
6/27/2024 4:55,Prodi Kimia,2017,2023,Mei,Karyawan Swasta,6,PT Bahana Hannela Massima,Quality Control,,,,,,,,,3,3,
6/27/2024 6:53,Prodi Matematika,2017,2023,Februari,Melamar Pekerjaan,3,"Dinas Cipta Karya, Tata Ruang, dan Pertanahan Provinsi DKI Jakarta",Data Analyst,,,,,,,,,4,4,"Kurikulum yang disediakan oleh jurusan sesuai dan dapat menunjang saya sebagai Data Analyst. Terumata untuk MK Statistika Spasial, karena saya berada di Dinas yang berfokus di tata ruang wilayah. Saran saya, akan lebih baik lagi jika pada MK pilihan ditambah bidang ilmu lain seperti bioinformatika, biostatistik"
6/27/2024 7:34,Prodi Matematika,2018,2023,Agustus,Karyawan Swasta,3,Shopee Indonesia,BD - Price Match,,,,,,,,,3,3,
6/27/2024 7:49,Prodi Matematika,2020,2024,Februari,Melamar Pekerjaan,,,,,,,,,,,,3,3,"Untuk bidang aktuaria, mungkin bisa lebih ditingkatkan kembali"
6/27/2024 8:45,Prodi Kimia,2010,2016,Agustus,Pengajar,3,SMA Muhammadiyah 3 Jakarta,Guru Kimia,,,,,,,,,5,5,
6/27/2024 15:43,Prodi Agribisnis S2,2020,2023,Mei,ASN/PNS,6,Universitas Terbuka,Dosen (Asisten Ahli),,,5000000,,,,,,5,3,"Mohon komunikasi internal organisasi di antara dosen dapat ditingkatkan. Sebaiknya dosen yang setengah hati dalam melaksanakan tugas pembelajaran tidak dilibatkan dalam perkuliahan, karena sangat menghambat dalam mencapai kompetensi mata kuliah. Sukses selalu prodi magister agribisnis."
6/28/2024 7:04,Prodi Kimia,2019,2023,November,Karyawan Swasta,3,PT Haloni Jane,Quality Control Analyst ,,,5000000,,,,,,4,4,
6/28/2024 13:26,Prodi Kimia,2002,2007,Februari,Karyawan BUMN,6,,,,,5000000,,,,,,4,4,
6/28/2024 14:59,Prodi Agribisnis S2,2019,2021,Agustus,ASN/PNS,,Pt. Citra niaga pangan,Ketua Tim Kerja,2021,trading agribisnis,10000000,2019,,,,,5,5,Lebih di percepat
6/28/2024 15:01,Prodi Matematika,2017,2022,Februari,Melamar Pekerjaan,6,,,,,,,,,,,5,5,"Prodi Matematika UIN Jakarta bersama Fakultas dapat bekerja sama dengan Organisasi Persatuan Aktuaris Indonesia, Perusahaan BUMN ataupun Perusahaan Swasta untuk persiapan karir setelah lulus nanti. Bisa mengadakan kegiatan career fair , perekrutan awal ke dalam posisi tertentu atau kerja sama dengan Persatuan Aktuaris Indonesia dalam mengonversi nilai mata kuliah aktuaria ke dalam ujian PAI sesuai mata kuliahnya. Hal ini sangat efektif membantu adik-adik mahasiswa dalam memudahkan perjalanan karirnya setelah lulus nanti. Saya sangat mengapresiasi perkembangan pada prodi matematika saat ini yang semakin dinamis dalam menghadapi perkembangan zaman. Terima kasih Bapak/Ibu, sukses selalu untuk kita semua."
6/28/2024 15:03,Prodi Agribisnis S2,2019,2023,Agustus,melanjutkan studi,,,,,,,,,,,,5,5,
6/28/2024 15:15,Prodi Matematika,2017,2022,November,Karyawan Swasta,3,Kadence International,Research Executive,,,6000000,,,,,,3,3,
6/28/2024 15:28,Prodi Agribisnis S2,2020,2023,Mei,Wirausaha,3,PT. Jagad Raya Konstindo,Tenaga Ahli,2011,Jasa Konsultan,,,,,,,4,4,"Tetap pertahankan matakuliah dimasukkan kaidah ke islaman, semakin maju FST UIN Jakarta"
6/28/2024 15:29,Prodi Matematika,2017,2023,Agustus,Wirausaha,3,,,2021,"Usaha kuliner, menjual aneka dimsum dengan berbagai toping dijual secara offline maupun online",,,,,,,3,3,
6/28/2024 15:33,Prodi Agribisnis S2,2019,2023,Agustus,ASN/PNS,3,Pusat Laboratorium Terpadu - UIN Syarif Hidayatullah Jakarta,Koordinator Bidang Lab. IPA dan Agribisnis,,,8000000,,,,,,5,5,
6/28/2024 15:36,Prodi Matematika,2006,2010,Mei,Karyawan Swasta,3,PT. Aladin Bank Syariah,ETL Developer,,,18000000,,,,,,4,3,Lebih banyak praktik lapangan
6/28/2024 15:51,Prodi Matematika,2017,2023,Februari,Karyawan Swasta,3,PT. Karya Utama Integritas,Research Executive,,,5000000,,,,,,5,3,
6/28/2024 16:02,Prodi Matematika,2017,2022,Mei,Pengajar,3,,Guru,,,,,,,,,4,4,Semoga menjadi semakin baik lagi kedepannya perihal penunjang fasilitas yang dibutuhkan mahasiswa dalam proses perkuliahan.
6/28/2024 16:18,Prodi Matematika,2015,2020,Mei,Karyawan Swasta,13,Hypernet Technologies,Sales Performance Monitoring,,,7000000,2020,Kwik Kian Gie School of Business,,,Magister Management,4,4,"- Fasilitas kampus yang modern dan lingkungan yang aman membuat pengalaman saya di sini menjadi sangat menyenangkan
- Ilmu yang dipelajari selama kuliah relevan dan banyak terpakai di dunia kerja
- Lebih banyak mengadakan seminar dengan narasumber praktisi untuk memperkuat hubungan universitas dengan industri. Ini bisa menjadi langkah awal untuk berbagai bentuk kolaborasi, seperti proyek penelitian bersama, program magang, atau peluang kerja bagi lulusan."
6/28/2024 16:35,Prodi Agribisnis S2,2020,2023,Mei,ASN/PNS,3,Kementerian Pertanian,Analis Prasarana dan Sarana Pertanian,,,9000000,,,,,,5,5,"Sejauh ini sudah baik, seluruh dosen dan admin sangat membanti proses belajar sampai dengan sidang tesis. Jika memungkinkan adakan program internship selama 6 s.d. 12 bulan baik dalam maupun luar negeri swsuai dengan minat dan bakat mahasiswa"
6/28/2024 16:48,Prodi Biologi,2007,2012,Februari,Karyawan Swasta,3,PT. Tiga Ragam Dentraindo,Manager Operasional,,,,2022,UNKRIS,,,Magister Manajemen,4,4,
6/28/2024 16:58,Prodi Fisika,2013,2019,Agustus,Karyawan Swasta,13,MEDCO EP INDONESIA,Reliability Data Analyst,,,8000000,,,,,,3,3,
6/28/2024 16:58,Prodi Fisika,2018,2022,Agustus,Karyawan Swasta,3,,,,,5000000,,,,,,3,1,
6/28/2024 17:00,Prodi Fisika,2011,2015,November,melanjutkan studi,3,UIN Syarif Hidayatullah Jakarta,Dosen Tidak Tetap,,,,2016,Universitas Indonesia,2024,University of Groningen,"Ilmu Fisika, Graduate School of Science and Engineering",5,5,Laboratorium riset khusus dosen-dosen Fisika mohon diadakan.
6/28/2024 17:08,Prodi Fisika,2016,2021,Mei,Karyawan Swasta,3,PT Testana Indoteknika,Administrasi Operasional ,,,5000000,,,,,,4,3,semoga prodi fisika tetap membanggakan dan semakin baik lagi kedepannya
6/28/2024 17:10,Prodi Fisika,2017,2021,November,Karyawan Swasta,3,PT Equnix Business Solutions,Human resources administrator,,,,,,,,,3,3,
6/28/2024 17:13,Prodi Fisika,2016,2021,Mei,melanjutkan studi,3,,,,,7000000,2023,UI,,,"Departemen Fisika, Prodi S2 Fisika, Konsentrasi Geofisika Reservoir",5,5,
6/28/2024 17:16,Prodi Fisika,2005,2011,Februari,Karyawan Swasta,3,Medco Energi,Electrical &Instrument Inspector,,,32000000,,,,,,4,4,"Pembahasan nilai bahasa dan konsep teknik yang perlu dipelajari oleh mahasiswa diluar dari mata kuliah untuk mengenal dunia Industri, bagi yang berminat mengarah ke dunia industrial baik industri Oil&Gas, Mining, Chemical ataupun Power Plant."
6/28/2024 17:22,Prodi Fisika,2016,2021,Februari,Wirausaha,3,GeoXplore Indonesia dan Alpi's Private,Founder Alpi's Private dan Co-founder GeoXplore Indonesia,2021,"Membuka les privat bagi siswa SD-SMA di bidang matematika, fisika, kimia, dan menjadi co-founder GeoXplore Indonesia",,,,,,,4,4,
6/28/2024 17:24,Prodi Fisika,2016,2021,Februari,Karyawan BUMN,6,PT Bank Mandiri (Persero) Tbk,Cust Service Administrative,,,49000000,,,,,,4,4,
6/28/2024 17:26,Prodi Fisika,2016,2020,Agustus,Karyawan Swasta,3,PT. Minelog Services Indonesia ,Kepala Divisi Geofisika ,2022,Explorasi Geofisika khususnya air tanah menggunakan metode elektromagnetik ,10000000,,,,,,2,4,"Menurut saya dari prodi fisika harus banyak memiliki dosen praktisi industri agar yang diberikan adalah ilmu terapan langsung di lapangan dan menjelaskan pengalaman-pengalaman di industri 

Banyak melakukan kerja sama dengan instansi-instansi yang berkaitan dengan prodi fisika agar lulusan prodi fisika bisa mengembangkan skill di instansi-instansi tersebut 

Melakukan kegiatan yang mengundang alumni agar mahasiswa serta dosen dekat dengan alumni-alumni dan bisa menjalin kerja sama "
6/28/2024 17:33,Prodi Fisika,2018,2022,Agustus,Karyawan Swasta,3,PT. Edrus Strategi Digital,Task Manager Officer,,,,,,,,,4,3,"- Pembelajaran yang lebih berfokus terhadap hasil analisa kebutuhan lapangan pekerjaan dengan diiringi sertifikasi kemampuan 
- Membangun hubungan dengan setiap alumni secara personal dibantu oleh hima bukan secara global saja
- Memberdayakan alumni di banyak kegiatan tidak satu atau dua saja tiap tahunnya
- melakukan uji kemampuan dan minat kepada mahasiswa sedari awal masuk secara berkala"
6/28/2024 17:33,Prodi Fisika,2014,2018,Februari,Pengajar,3,Wafiq Digital Tech,Dosen di Kampus STT STIKMA Malang,2019,Konsultan IT ,5000000,2020,Politeknik Elektronika Negeri Surabaya,,,S2 Teknik Informatika Komputer,4,3,"Kerja sama dengan instansi dalam maupun luar negeri lebih ditingkatkan, "
6/28/2024 17:34,Prodi Fisika,2013,2017,November,melanjutkan studi,3,Institut Teknologi Bandung,Mahasiswa Doktoral,,,,2019,UI,2023,ITB,"Magister Ilmu Fisika, Doktor Fisika",4,5,"Kesan: Mata kuliah peminatan cukup banyak, yang mana kuota SKS untuk mata kuliah peminatan sebenarnya bisa dialihkan ke mata kuliah Fisika Murni. Saran: Diajarkan juga mata kuliah semisal Mekanika Kuantum sebagai lanjutan dari mata kuliah Fisika Kuantum"
6/28/2024 17:40,Prodi Fisika,2011,2015,November,Mengurus Rumah Tangga,3,,,,,,,,,,,2,2,
6/28/2024 17:43,Prodi Fisika,2016,2023,Agustus,Karyawan Swasta,,SPX Express - Cakung DC,Operator Gudang,,,5000000,,,,,,3,1,"Kesan : 
1) Masih lebih banyak pembelajaran secara teoritis dibanding praktek lapangannya. 
2) Pengambilan peminatan jurusan yang baru mulai di pelajari di tahun ketiga kuliah yang dirasa agak sedikit terlambat dibanding dengan universitas lainnya.
3) Sarana dan pra sarana kampus yang masih kurang memadai yang bisa mendukung proses pembelajaran mahasiswa. 

Alhasil, mahasiswa yang masih agak buta dengan bidang keilmuannya perlu sedikit lebih effort untuk mencari sumber wawasan dari berbagai sumber, seperti laman pembelajaran internet, sharing antar universitas/instansi terkait di bidangnya, melakukan praktek lapangan secara mandiri, dan lain sebagainya. 

Harapan : 
1) Semoga bisa lebih diperbaiki kembali untuk sistem kurikulumnya, agak bisa lebih memprioritaskan sesi pembelajaran/mata kuliah yang sesuai dengan bidang ilmu yang dipelajari di kampus, karena itu yang dibutuhkan oleh mahasiswa untuk menghadapi persaingan di dunia pekerjaan. 

2) Semoga bisa tersedianya sarana dan pra sarana yang bisa lebih  memadai dan mendukung proses pembelajaran mahasiswa di kampus. 

Kurang lebihnya saya mohon maaf, karena ini pendapat saya sesuai dengan apa yang saya rasakan sewaktu masih berkuliah. Sekian dan terimakasih. "
6/28/2024 17:45,Prodi Fisika,2018,2022,Agustus,Pengajar,3,Nuraida Islamic Boarding School ,Guru IPA dan Laboran Sains,,,4000000,,,,,,4,5,Lebih diperdalam lagi terkait praktikum khususnya di bidang laboratorium fisika
6/28/2024 17:47,Prodi Fisika,2019,2023,Agustus,melanjutkan studi,,,,,,,2024,ITB,,,Ilmu dan Teknik Material,4,4,
6/28/2024 17:51,Prodi Fisika,2015,2022,Februari,Karyawan Swasta,13,PT Banten Inti Gasindo,Operator,,,5000000,,,,,,3,3,Mohon untuk bimbingan skripsi/pengajuan seminar hasil dan sidang tidak dipersulit oleh dosen pembimbing
6/28/2024 17:59,Prodi Fisika,2016,2022,Februari,Karyawan Swasta,6,Trans Snow World Bintaro,Engineering,,,4600000,,,,,,2,1,
6/28/2024 18:00,Prodi Fisika,2016,2020,Agustus,Karyawan Swasta,6,PT Amman Mineral Industri,Specialis Permitting,,,7000000,2021,UI,,,Ilmu Lingkungan,3,3,
6/28/2024 18:27,Prodi Fisika,2016,2020,Februari,Karyawan Swasta,3,PT Space Indonesia,Staff MRP (Material Requirement Planning),,,,,,,,,4,4,
6/28/2024 18:36,Prodi Fisika,2014,2018,Mei,Karyawan Swasta,3,PT MEGA CAPITAL SEKURITAS,Act Equity Coordinator,,,12000000,,,,,,2,2,
6/28/2024 18:38,Prodi Fisika,2018,2023,Agustus,Karyawan Swasta,3,PT. Inti Surya Laboratorium,Laboran/Staff,,,3200000,,,,,,3,2,
6/28/2024 18:43,Prodi Fisika,2005,2009,Agustus,ASN/PNS,3,SMP Negeri 101 Jakarta,Guru IPA + Staf kedua wakepsek kurikulum,,,10000000,2009,Universitas Islam As-Syafi‚Äôiyah ,,,Jurusan ilmu keguruan mengambil Akta IV,5,5,Sarannya tetap menjadi Prodi Fisika yang mencetak generasi emas di masa datang 
6/28/2024 19:32,Prodi Fisika,2009,2013,November,Karyawan Swasta,3,Siemens Energy Indonesia,Automation Engineer,,,15000000,,,,,,4,4,Lebih banyak mata kuliah / praktikum yang lebih applikatif untuk dunia kerja
6/28/2024 19:35,Prodi Fisika,2009,2013,November,ASN/PNS,3,,Wakil Kepala Bidang Akademik,,,6500000,,,,,,5,5,"Alhamdulillah sudah sesuai dengan program pembelajaran, mungkin hanya sedikit saran untuk peralatan praktikum lapangan lebih diperbanyak dan diperbarui sesuai metode yang ada."
6/28/2024 19:54,Prodi Fisika,2009,2014,November,Karyawan Swasta,3,HOLY SINTA FOUNDATION ,Personal Assistant Owner ,,,9000000,,,,,,3,2,
6/28/2024 19:55,Prodi Fisika,2009,2013,November,Karyawan Swasta,3,PT SARANA INSTRUMENT,HSE COORDINATOR,,,10000000,,,,,,3,3,Lebih diarahkan untuk terapan nyatanya seperti apa agar lebih terarah saat lulus.
6/28/2024 20:12,Prodi Matematika,2016,2022,Februari,Melamar Pekerjaan,3,,,,,,,,,,,4,4,
6/28/2024 20:48,Prodi Fisika,2013,2018,Mei,Karyawan Swasta,3,PT KIE Indonesia (Kumon),PIC Kumon Global Grading Centre,,,5000000,,,,,,4,4,
6/28/2024 21:18,Prodi Fisika,2015,2022,Agustus,Karyawan Swasta,6,PT. Gemilang Hartadinata Abadi,Penaksir,,,3000000,,,,,,3,1,Berbagi informasi terkait lowongan pekerjaan yang memprioritaskan semua alumni dari prodi fisika UIN jakarta agar alumni dapat cepat mendapatkan pekerjaan yg sesuai ataupun tidak sesuai dengan studi yg dipilih saat kuliah
6/28/2024 22:31,Prodi Fisika,2016,2020,Februari,Karyawan Swasta,6,,,,,,,,,,,5,5,
6/28/2024 23:52,Prodi Biologi,2007,2011,November,Karyawan Swasta,3,PT. SGS INDONESIA,Leader Lab Mikrobiology,,,,,,,,,4,4,"Ditambahkan materi perbekalan kerja dilab, bekerjasama dengan perusahaan untuk bisa pkl sehingga terbuka pengalaman saat melamar kerja, waktu pkl bisa dipanjangkan lebih dari sebulan."
6/29/2024 11:22,Prodi Teknik Informatika,2018,2023,Agustus,Karyawan Swasta,3,Total Inti Corpora,Programmer,,,6200000,,,,,,2,5,
6/29/2024 11:23,Prodi Teknik Informatika,2016,2023,Agustus,Karyawan Swasta,6,Infinid,Operation,,,4800000,,,,,,4,3,
6/29/2024 11:26,Prodi Teknik Informatika,2019,2023,Agustus,Karyawan Swasta,3,BPJS Kesehatan,Staff Infrastruktur TI,,,5000000,,,,,,4,4,Terus berinovasi dan mengembangkan SDM di lingkungan Teknik Informatika UIN Jakarta agar bisa bersaing dengan Universitas Lain
6/29/2024 11:44,Prodi Teknik Informatika,2016,2023,Agustus,Melamar Pekerjaan,,,,,,,,,,,,3,3,"Materi kuliah yang diajarkan agar lebih ter up-to-date dengan yang ada sekarang ini, sehingga lulusan dapat mengimbangi dan memenuhi requirement perusahaan setelah lulus."
6/29/2024 11:47,Prodi Teknik Informatika,2018,2023,November,Karyawan BUMN,3,PT Bank Rakyat Indonesia,Associate IT Project Officer 1,,,,,,,,,3,4,
6/29/2024 12:02,Prodi Teknik Informatika,2017,2024,Februari,Melamar Pekerjaan,3,,,,,,,,,,,4,4,
6/29/2024 12:06,Prodi Teknik Informatika,2016,2023,Agustus,Karyawan Swasta,6,PT Equine Global,SAP Consultant ABAP,,,7000000,,,,,,3,3,
6/29/2024 12:10,Prodi Teknik Informatika,2019,2023,Agustus,Karyawan Swasta,3,PT Telkomsel Digital Ecosystem (INDICO),IT operation ,,,5000000,,,,,,4,4,
6/29/2024 12:13,Prodi Teknik Informatika,2019,2023,Mei,Karyawan Swasta,3,Ginting & Reksodiputro in association with AO Shearman,Graduate IT,,,7000000,,,,,,3,3,"menurut saya, prodi IT dapat membuat website sendiri yang berisi akses materi lengkap di semua mata kuliah yang akan diajarkan dari awal-akhir semester, sehingga mahasiswa dapat mengakses materi dari awal perkuliahan. saya merasa saat perkuliahan dahulu kurang banyak exposure terhadap project coding individu. menurut saya lebih baik dibuat banyak project individu dimana mahasiswa bisa melalui satu development live cycle dibandingkan dengan beberapa tugas project"
6/29/2024 12:15,Prodi Teknik Informatika,2016,2023,Agustus,Karyawan BUMN,3,PT BANK MANDIRI ,IT Quality Assurance,,,7000000,,,,,,5,5,
6/29/2024 12:17,Prodi Teknik Informatika,2018,2023,November,Karyawan Swasta,3,PT Grahadi Digital Technology,Frontend Developer (contract),,,7000000,,,,,,2,3,Kurikulum yang dibuat belum update dengan industri saat ini. Namun dapat dipahami karena industri berkembang sangat pesat. Saran saya lakukan banyak latihan struktur data dan algoritma saat di kelas melalui platform seperti leetcode / hackerrank karena kebanyakan perusahaan memakai platform semacam itu untuk ujian masuk karyawannya.
6/29/2024 12:17,Prodi Teknik Informatika,2016,2023,Agustus,Karyawan Swasta,3,Klinik H. Sumadi Sumiti,Back Office,,,2500000,,,,,,3,2,"Semoga kedepannya lebih banyak workshop untuk setiap peminatan di prodi Teknik informatika, saya harap prodi TI semakin terus berkembang baik "
6/29/2024 12:17,Prodi Teknik Informatika,2018,2023,Agustus,Karyawan Swasta,6,Sinar Jernih Suksesindo,,,,4000000,,,,,,3,3,
6/29/2024 12:17,Prodi Teknik Informatika,2018,2023,Agustus,Karyawan Swasta,3,PT Inovasi Mitra Sejati,Developer,,,5500000,,,,,,3,3,Perbanyak praktek verkaitan dengan studi kasus dilapangan
6/29/2024 12:21,Prodi Teknik Informatika,2019,2023,Agustus,Karyawan Swasta,6,Bank Syariah Indonesia,On Job Training,,,1000000,,,,,,5,5,Perlu di perbaiki beberapa fasilitas umum seperti toilet dan kantin
6/29/2024 12:24,Prodi Teknik Informatika,2018,2023,Agustus,Karyawan Swasta,3,PT Samsung Electronics Indonesia,IT Security Officer,,,8000000,,,,,,5,5,"pada saat menjadi mahasiswa baru saya harap saya diberitahu bahwa hanya dengan mengandalkan kurikulum yang disediakan oleh universitas tidaklah cukup untuk mendapatkan pekerjaan, khususnya di bidang pemrograman perangkat lunak, jadi lebih baik untuk memberikan mahasiswa materi tambahan dan sertifikasi lebih dini dan juga lebih baik jika mahasiswa diberi pemahaman tentang bagaimana pentingnya pengalaman magang untuk mendapatkan pekerjaan, mahasiswa bisa mengambil magang mandiri mulai dari semester 3 atau 4."
6/29/2024 12:29,Prodi Teknik Informatika,2016,2023,Agustus,Melamar Pekerjaan,,,,,,,,,,,,3,5,
6/29/2024 12:37,Prodi Teknik Informatika,2016,2023,Agustus,Karyawan Swasta,3,PT Redkendi Andalan Mitra,IT Staff,,,10000000,,,,,,3,3,"semasa saya kuliah ada beberapa hal yang mungkin bisa dibilang kurang, karena saya mulai bekerja dari semester 6, ketika di tempat kerja ilmu yang dipakai sangat jauh, mungkin bisa disesuaikan kurikulumnya, karena saya memilih penjurusan software engineer tetapi materi terkait backend, frontend, dan teknologi lainnya itu sedikit, kalau memang tidak bisa untuk mengajarkan, setidaknya ada pengarahan apa saja yang harus dipelajari, dan juga mungkin untuk bahasa pemrograman, stack, dll itu harus ada upgrade, karena saya belajar untuk backend, frontend, docker, dll itu dari arahan senior dikantor, selama kuliah pembahasan terkait hal itu sangat jarang didapatkan.

tetapi pelajaran terkait logic, kemampuan untuk berpikir kritis, itu saya dapatkan selama kuliah, sudah bisa dibilang cukup.

semoga kedepannya prodi TI semakin baik dan semakin bagus, sukses semua untuk para dosen TI dan juga mahasiswa yang sudah lulus maupun yang masih dalam masa belajar.

Terimakasih"
6/29/2024 12:38,Prodi Teknik Informatika,2017,2023,November,Karyawan Swasta,3,,,,,5300000,,,,,,5,5,
6/29/2024 12:44,Prodi Teknik Informatika,2018,2023,November,Melamar Pekerjaan,6,,,,,,,,,,,2,3,
6/29/2024 12:50,Prodi Teknik Informatika,2019,2024,Februari,Karyawan Swasta,3,IT Development,Mobile Developer,,,7000000,,,,,,4,4,"Sentralisasi informasi dan segala kebutuhan pendaftaran baik sempro, semhas, sidang ataupun yudisium"
6/29/2024 12:52,Prodi Teknik Informatika,2018,2024,Mei,Melamar Pekerjaan,,,,,,,,,,,,4,4,perbanyak program magang
6/29/2024 12:53,Prodi Teknik Informatika,2019,2023,Agustus,Karyawan BUMN,3,PT Bank Mandiri. Tbk,Software Testing,,,,,,,,,5,3,Sukses selalu untuk Prodi TI
6/29/2024 12:53,Prodi Teknik Informatika,2019,2024,Februari,Melamar Pekerjaan,,,,,,,,,,,,3,4,
6/29/2024 12:53,Prodi Teknik Informatika,2019,2023,Februari,Karyawan Swasta,3,PT. MITRA PRIMA UTAMA,Programmer/Operasional,,,4000000,,,,,,5,5,
6/29/2024 12:53,Prodi Teknik Informatika,2018,2024,Februari,Karyawan Swasta,3,,Backend Engineer,,,5000000,,,,,,5,5,selalu mengupdate kurikulum yang sesuai dengan kebutuhan industri saat ini
6/29/2024 12:54,Prodi Teknik Informatika,2019,2023,Februari,Karyawan Swasta,3,PT. Infracom Technology,Cloud Engineer,,,6000000,,,,,,3,4,Kurikulum sudah baik namun sedikit perlu ditingkatkan untuk relevansi dengan dunia kerja mengingat dunia IT yang cepat berkembang
6/29/2024 12:56,Prodi Teknik Informatika,2019,2024,Februari,Melamar Pekerjaan,,,,,,,,,,,,4,3,"Sudah sangat baik dalam pelayanan, sarana dan juga prasarana di prodi Teknik Informatika Fakultas Sains dan Teknologi, hanya perlu memperketat keamanan karena dari pengalaman saya ketika proses skripsi di kampus, saya mengalami tindakan penipuan oleh oknum yang tidak bertanggungjawab dengan modus meminjam uang namun tidak kunjung dikembalikan. Semoga kedepannya keamanan bisa lebih diperhatikan dan diperkuat sehingga seluruh mahasiswa juga dosen serta semua orang yang ada di kampus merasakan kenyamanan dan keamanan, terima kasih."
6/29/2024 12:56,Prodi Teknik Informatika,2019,2024,Mei,Melamar Pekerjaan,, ,,,,,,,,,,4,4,Perbanyak kesempatan untuk magang di luar kampus dan pengembangan proyek-proyek
6/29/2024 12:56,Prodi Teknik Informatika,2019,2023,November,Karyawan Swasta,3,Bluebird Group,Mobile Engineer/ IT Engineer 2,,,7000000,,,,,,3,5,Mata kuliah wajib terdapat muatan profesional dalam berkerja sehingga tidak hanya belajar hard skill saja
6/29/2024 13:02,Prodi Teknik Informatika,2019,2024,Agustus,Melamar Pekerjaan,,,,,,,,,,,,3,3,
6/29/2024 13:03,Prodi Teknik Informatika,2019,2024,Mei,Melamar Pekerjaan,,,,,,,,,,,,4,4,
6/29/2024 13:04,Prodi Teknik Informatika,2019,2024,Mei,Melamar Pekerjaan,,,,,,,,,,,,4,4,
6/29/2024 13:05,Prodi Teknik Informatika,2018,2023,November,Mengurus Rumah Tangga,,,,,,,,,,,,4,3,
6/29/2024 13:05,Prodi Teknik Informatika,2019,2024,Mei,Melamar Pekerjaan,,,,,,,,,,,,4,4,
6/29/2024 13:06,Prodi Teknik Informatika,2018,2024,Mei,Melamar Pekerjaan,,,,,,,,,,,,5,5,"Banyak hal baru yang saya pelajari dan temui, teman dengan berbagai macam karakter dan dosen dengan beragam ilmu yang luar biasa"
6/29/2024 13:08,Prodi Teknik Informatika,2018,2023,Agustus,Melamar Pekerjaan,,,,,,,,,,,,2,3,
6/29/2024 13:08,Prodi Teknik Informatika,2018,2023,November,Karyawan Swasta,3,Puskesmas Tegal Angus Dinas Kesehatan Kabupaten Tangerang,Operator Keuangan,,,35000000,,,,,,5,5,"Dosen-dosen TI baik dalam mengajar, tidak ada yang dipersulit untuk urusan apapun karena prodi TI cepat tanggap dalam memberikan solusi kepada mahasiswa TI, terfasilitasi semua kegiatan dan urusan oleh prodi"
6/29/2024 13:10,Prodi Teknik Informatika,2019,2024,Mei,Melamar Pekerjaan,,,,,,,,,,,,5,5,
6/29/2024 13:10,Prodi Teknik Informatika,2018,2024,Mei,Karyawan Swasta,3,YAYASAN AL-WASATIYAH,Operator Sekolah,,,4000000,,,,,,4,4,
6/29/2024 13:11,Prodi Teknik Informatika,2019,2023,Mei,Karyawan Swasta,3,fintech,staff,,,10000000,,,,,,3,2,
6/29/2024 13:14,Prodi Teknik Informatika,2019,2024,Mei,Karyawan Swasta,3,PT. Esensi Solusi Buana,Staff Software Engiiner,,,6700000,,,,,,4,5,"Terus berkembang berdasarkan kebutuhan pasar, dan sering melakukan studi banding dengan company2"
6/29/2024 13:14,Prodi Teknik Informatika,2019,2024,Februari,Mengurus Rumah Tangga,,,,,,,,,,,,3,2,Mahasiswa baiknya diarahkan untuk fokus pada peminatan yang sesuai. Yang selaras dengan lapangan pekerjaan 
6/29/2024 13:17,Prodi Teknik Informatika,2019,2024,Mei,Melamar Pekerjaan,,,,,,,,,,,,5,5,"Alhamdulillah semuanya sudah baik, dan teruslah berinovasi untuk perkembangan TI"
6/29/2024 13:19,Prodi Teknik Informatika,2018,2024,Mei,Melamar Pekerjaan,,,,,,,,,,,,4,4,semoga prodi TI semakin jayaa 
6/29/2024 13:20,Prodi Teknik Informatika,2018,2024,Mei,Melamar Pekerjaan,,,,,,,,,,,,3,3,
6/29/2024 13:20,Prodi Teknik Informatika,2019,2023,Agustus,Karyawan Swasta,3,PT. Square Gate One,Programmer,,,5000000,,,,,,3,5,"Bidang ilmu dan mata kuliah sudah tepat tetapi pelaksanaan kegiatan belajar-mengajar masih terlalu dasar, semoga kedepannya bisa lebih mendalam dan lebih sesuai dengan kebutuhan di dunia kerja."
6/29/2024 13:22,Prodi Teknik Informatika,2019,2023,November,Karyawan Swasta,3,DiMuto.io,Automated QA Engineer,,,14000000,,,,,,3,4,Kurikulum kurang update dan ketinggalan
6/29/2024 13:35,Prodi Teknik Informatika,2018,2024,Mei,Melamar Pekerjaan,,,,,,,,,,,,3,3,
6/29/2024 13:39,Prodi Teknik Informatika,2019,2024,Februari,Karyawan Swasta,3,Satkom,Programmer,,,5000000,,,,,,4,4,Lebih sering mengadakan sertifikasi dan pelatihan dengan pihak ketiga serta info perlombaan
6/29/2024 13:40,Prodi Teknik Informatika,2019,2023,Februari,Karyawan Swasta,3,Petrolink Services Indonesia,Jr. Real-Time Support Engineer,,,5200000,,,,,,4,3,
6/29/2024 13:42,Prodi Teknik Informatika,2019,2024,Februari,Melamar Pekerjaan,,,,,,,,,,,,4,5,
6/29/2024 13:44,Prodi Teknik Informatika,2017,2024,Mei,Melamar Pekerjaan,,,,,,,,,,,,4,4,"Selama saya berkuliah dosennya baik dan sangat penyabar, terima kasih banyak kepada seluruh dosen prodi saya"
6/29/2024 13:48,Prodi Teknik Informatika,2020,2024,Mei,Melamar Pekerjaan,,,,,,,,,,,,5,5,
6/29/2024 14:20,Prodi Teknik Informatika,2019,2023,Agustus,Karyawan Swasta,3,PT. Feedloop Global Teknologi,Machine Learning Engineer,,,6000000,,,,,,3,5,"Kurikulum nya lebih ditingkatkan mendekati kebutuhan2 software engineer yang sedang demand saat ini (Frontend, Backend, Mobile Android, AI/Data Science, IoT), terutama sub-bidang dan bahasa pemrograman yang dibutuhkan oleh perusahaan IT. Semoga TI UIN Jakarta semakin maju.."
6/29/2024 14:21,Prodi Teknik Informatika,2020,2024,Mei,Melamar Pekerjaan,,,,,,,,,,,,4,4,
6/29/2024 14:21,Prodi Teknik Informatika,2018,2022,Agustus,Karyawan Swasta,3,PT VKool Indo Lestari,Web Developer,,,7000000,,,,,,4,3,"Mohon pembelajaran selalu kaitkan dengan implementasi dilapangan, perbanyak praktik dibanding teori"
6/29/2024 14:27,Prodi Teknik Informatika,2016,2023,Agustus,Karyawan Swasta,3,PT. Grab Teknologi Indonesia,Software Engineer (iOS),,,17000000,,,,,,3,5,
6/29/2024 14:34,Prodi Fisika,2015,2020,Februari,Karyawan Swasta,3,PT Sapphire Assets International,Staff,,,6000000,,,,,,3,1,Perbanyak praktikum yg mengarah pada dunia pekerjaan
6/29/2024 14:51,Prodi Teknik Informatika,2019,2023,November,Freelance,6,Part time mengajar untuk private lessons,,,,3000000,,,,,,3,5,"Diperlukannya program wajib magang yang terintegrasi dengan perusahaan yang bekerjasama dengan kampus, sehingga ketika mahasiswa lulus dapat menjadi bekal serta menambah portofolio yang akan memudahkan mahasiswa dalam melamar pekerjaan setelah lulus. Pada tahun ajaran selama saya menjadi mahasiswa belum dapat mendaftar MSIB atau magang merdeka. Namun, saya mendapat kabar bahwa mahasiswa UIN sudah dapat mengikuti program tersebut. Hal ini menurut saya sangat membantu menjadi bekal ketika mahasiswa telah lulus karena telah memiliki pengalaman kerja proffesional sehingga lebih mudah untuk mendaftar pekerjaan."
6/29/2024 15:11,Prodi Teknik Informatika,2019,2023,November,Karyawan Swasta,3,Mitra Integrasi Informatika ,Technical Consultant Analyst ,,,,,,,,,4,5,
6/29/2024 15:19,Prodi Teknik Informatika,2019,2023,Agustus,Karyawan Swasta,3,RPX,Frontend Web Developer,,,6000000,,,,,,3,3,
6/29/2024 15:53,Prodi Teknik Informatika,2019,2024,Februari,Karyawan Swasta,3,PT. Kode Aplikasi Indonesia,Software Engineer,,,5000000,,,,,,3,4,"Mantapp mungkin bisa adakan program kerja sama untuk magang seperti ui/ux designer, software engineer, quality assurance, dsb."
6/29/2024 16:35,Prodi Teknik Informatika,2020,2024,Mei,Melamar Pekerjaan,,,,,,,,,,,,5,4,"Khususnya di Prodi Teknik Informatika, diharapkan selalu update dengan tren teknologi-teknologi terbaru, seperti teknologi AI terbaru dan bahasa/framework pemrograman terbaru. Selain itu, diharapkan juga selalu menyelenggarakan kegiatan pelatihan dan sertifikasi untuk para mahasiswa sehingga dapat menambah ilmu, pengalaman, dan portofolio para mahasiswa."
6/29/2024 16:39,Prodi Teknik Informatika,2016,2023,Agustus,Melamar Pekerjaan,,,,,,,,,,,,3,4,
6/29/2024 16:40,Prodi Teknik Informatika,2020,2024,Mei,Melamar Pekerjaan,,,,,,,,,,,,4,5,
6/29/2024 16:44,Prodi Teknik Informatika,2019,2023,November,Karyawan Swasta,3,PT Panen Berkah Solusi,Account Manager,,,5000000,,,,,,3,2,karena tahun kuliah saya merupakan tahun covid-19 jadi untuk pemahaman materi yang didapat sangat kurang karena tidak ada praktek
6/29/2024 16:52,Prodi Teknik Informatika,2019,2024,Mei,Melamar Pekerjaan,,,,,,,,,,,,4,4,
6/29/2024 17:26,Prodi Teknik Informatika,2018,2023,November,Melamar Pekerjaan,,,,,,,,,,,,4,3,
6/29/2024 17:40,Prodi Teknik Informatika,2018,2022,Februari,Karyawan Swasta,3,PT TUV Rheinland Indonesia,Technical Reviewer,,,6000000,,,,,,3,2,
6/29/2024 19:02,Prodi Agribisnis S2,2019,2023,November,Melamar Pekerjaan,,,,,,,,,,,,1,1,
6/29/2024 19:48,Prodi Teknik Informatika,2019,2024,Februari,Karyawan Swasta,3,Mitra Integrasi Informatika,Business Analyst,,,5000000,,,,,,4,4,sarana dari saya mungkin perlu untuk disampaikan terkait dengan apa saja bidang yang bisa diambil oleh lulusan TI
6/29/2024 20:10,Prodi Teknik Informatika,2019,2024,Februari,Karyawan Swasta,3,Petrolink ,Real-Time Support Engineer,,,,,,,,,4,5,"Berkolaborasi dengan berbagai perusahaan untuk bisa mengadakan intern-fair, karena pengalaman magang yg signifikan sangat mempengaruhi acceptance rate. "
6/29/2024 20:24,Prodi Teknik Informatika,2018,2022,Agustus,Karyawan Swasta,3,PT Surya Madistrindo (Subsidiary of PT Gudang Garam Tbk) ,Data Engineering Specialist,,,10000000,,,,,,5,4,"Hadirkan mata kuliah yang sebenarnya vital dibutuhkan di dunia kerja, contohnya data pipeline dan data Engineering / manipulation"
6/29/2024 21:37,Prodi Teknik Informatika,2018,2024,Mei,Melamar Pekerjaan,,,,,,,,,,,,4,5,
6/29/2024 21:50,Prodi Teknik Informatika,2019,2023,Agustus,Karyawan Swasta,3,Mastersystem infotama,Network Engineer,,,5000000,,,,,,2,2,diharapkan agar kurikulum/penjurusan terkait networking/security networking lebih di perdalam. Karena pada dasarnya kebutuhan terkait network atau network security sangat dibutuhkan di setiap perusahaan.
6/30/2024 5:30,Prodi Teknik Informatika,2018,2023,Agustus,Karyawan Swasta,3,Total Logsitics,Call Center,,,4000000,,,,,,4,2,
6/30/2024 8:55,Prodi Matematika,2018,2024,Februari,Melamar Pekerjaan,,,,,,,,,,,,5,5,
6/30/2024 11:19,Prodi Matematika,2009,2013,November,Karyawan Swasta,3,Genza Education (Ex. Primagama),Keuangan dan Pengajar Matematika,,,4000000,,,,,,4,4,
6/30/2024 13:58,Prodi Teknik Informatika,2016,2023,Agustus,Karyawan Swasta,3,PT. Bareksa Marketplace Indonesia,,,,10000000,,,,,,4,4,
6/30/2024 15:41,Prodi Matematika,2005,2009,Mei,Karyawan Swasta,3,PRIMAGAMA NEXT DIGANTI GENZA EDUCATION,MANAGER,2021,Bimbingan Belajar,7000000,,,,,,4,5,Memperbanyak seminat Public Speaking
6/30/2024 19:48,Prodi Teknik Informatika,2019,2024,Februari,Karyawan Swasta,3,Pasifik satelit nusantara,Data analyst staff,,,8000000,,,,,,3,3,
7/1/2024 7:20,Prodi Teknik Informatika,2019,2023,November,Melamar Pekerjaan,3,,,2023,Seni dan kerajinan,4000000,,,,,,3,4,"Menurut saya untuk fokusnya mahsiswa nanti saat berkarir, ada baiknya ditambahkan mata kuliah yang memang dikhususkan untuk cara-cara atau panduan untuk langkah memulai karir."
7/1/2024 8:17,Prodi Teknik Informatika,2018,2024,Februari,Karyawan Swasta,3,Puslitpen UIN Jakarta,Staf,,,2000000,,,,,,5,3,
7/1/2024 8:52,Prodi Teknik Informatika,2016,2021,Mei,ASN/PNS,3,Kementerian Luar Negeri RI,PPPK - Pranata Komputer Ahli Pertama,,,9000000,,,,,,5,5,"Akan lebih baik jika diperbanyak program magang atau semacam career expo, untuk memfasilitasi para mahasiswa/i dalam mengenali dunia kerja & skill yang diperlukan sejak dini. Terima kasih ^^"
7/1/2024 11:12,Prodi Teknik Informatika,2016,2023,Agustus,,3,,PMO,,,,,,,,,4,4,
7/1/2024 12:41,Prodi Teknik Informatika,2018,2023,Februari,Karyawan Swasta,3,PT. BNI Life Insurance,Staff Data Warehouse Developer,,,6000000,,,,,,3,4,"Kurikulun disesuaikan dengan kebutuhan lapangan kerja, disesuaikan dengan bootcamp-bootcamp juga baik"
7/1/2024 12:43,Prodi Teknik Informatika,2020,2024,Agustus,Freelance,3,,Co-Founder dan Free Lancer,,STEM Education dan Software Development,5000000,,,,,,3,3,
7/1/2024 15:39,Prodi Teknik Informatika,2019,2023,November,Freelance,3,FST UIN Jakarta,Asisten Dekan,,,1000000,,,,,,5,5,Keterlibatan alumni lebih ditingkatkan dalam memberikan seminar atau sharing session sangat membantu mahasiswa mendapatkan gambaran dunia kerja dan membangun networking.
7/1/2024 18:45,Prodi Biologi,2019,2023,Agustus,Karyawan Swasta,3,Jagat Satwa Nusantara TMII dikelola oleh PT Dyandra Mitra Indah,"Research and Development, Konservasi ",,,5000000,,,,,,3,3,"Lebih banyak praktek / fieldtrip karena disitu pasti mendapatkan manajemen resiko, management waktu, inisiatif sesama temen, team work yang solid, dan kreatif. Di lingkungan kerja dipakai itu."
7/1/2024 18:52,Prodi Biologi,2019,2024,Juni,Melamar Pekerjaan,,,,,,,,,,,,3,3,"Perlu ada peninjauan kembali terhadap kurikulum untuk memastikan materi yang diajarkan telah sesuai dengan kebutuhan industri dengan topik seperti:
Kontrol kualitas,
Analis riset,
Analisis Bahaya dan Titik Kendali Kritis (HACCP),
ISO 22000 tentang manajemen keamanan pangan,
Praktek Manufaktur yang Baik (GMP),
Praktik Laboratorium yang Baik (GLP)
Prosedur Operasi Standar Sanitasi (SSOP),
Alur proses produksi produk biologi.
Harapannya, materi ini dapat menambah nilai saing bagi mahasiswa lulusan biologi."
7/1/2024 18:53,Prodi Biologi,2019,2023,Agustus,Karyawan Swasta,3,The Antheia Project,Project Officer,,,7000000,,,,,,5,5,Semakin maju dan mengembangkan banyak bakat orang tua
7/1/2024 19:38,Prodi Biologi,2019,2023,November,Pengajar,3,SMP BINA SEJAHTERA DAN PT GOODSALE TECH ,Guru dan Host Live Streaming ,,,5000000,,,,,,4,4,Semoga pengembangan nya makin keren lagi dan semoga semakin lancar dalam pengurusan pendaftaran wisuda aamiin
7/1/2024 20:56,Prodi Biologi,2019,2023,November,Karyawan Swasta,3,PT. Alpen Food Industry,Analis laboratorium,,,6000000,,,,,,4,5,Mohon diadakan grup/kelompok untuk pengembangan karir alumni2
7/2/2024 8:28,Prodi Biologi,2016,2021,Juni,Karyawan Swasta,3,"Dinas Perindustrian, Perdagangan, Koperasi, Usaha Kecil dan Menengah Provinsi DKI Jakarta",Staff,,,12000000,,,,,,5,5,Terimakasih UIN Jakarta
7/2/2024 9:55,Prodi Teknik Informatika,2016,2022,November,Karyawan Swasta,13,djembatan dua,software engineer,,,8000000,,,,,,2,4,semoga prodi TI semakin mengembangkan kurikulum dan program pembelajaran agar TI UIN semakin harum di dunia industri maupun akademis
7/2/2024 10:29,Prodi Kimia,2018,2024,Februari,Melamar Pekerjaan,,,,,,,,,,,,4,4,
7/2/2024 10:30,Prodi Kimia,2016,2023,Agustus,Karyawan Swasta,1,PT SAF Enviro Persada,Asisten Tenaga Ahli Lingkungan,,,5000000,,,,,,4,4,
7/2/2024 10:50,Prodi Kimia,2019,2024,Agustus,Karyawan Swasta,1,Petrolab Services,Petroleum Analyst,,,6000000,,,,,,3,5,Akan lebih baik jika mahasiswa dibekali dengan sertifikasi keahlian yang berguna di industri yang relevan dengan bidangnya
7/2/2024 11:00,Prodi Biologi,2019,2024,Juni,Melamar Pekerjaan,,,,,,,,,,,,5,5,
7/2/2024 11:00,Prodi Biologi,2019,2023,November,Melamar Pekerjaan,,,,,,,,,,,,5,5,
7/2/2024 11:09,Prodi Biologi,2018,2022,November,Karyawan Swasta,1,PT. CROWDE Membangun Bangsa,Research and Development Officer Leader,,,,,,,,,4,5,semoga IPK bisa ditingkatkan lagi karena sangat masuk prasyarat kerja
7/2/2024 11:12,Prodi Biologi,2018,2023,November,Pengajar,5,Yayasan Nurul hidayah ,Guru madrasah aliyah,,,,,,,,,4,3,Alhamdulillah prodi biologi sudah bagus pelayanan terhadap mahasiswa juga sudah cukup bagus dan sangat memudahkan mahasiswa
7/2/2024 11:22,Prodi Biologi,2019,2023,November,Karyawan Swasta,1,PT Karsa Buana Lestari,Staff Laboratorium,,,4000000,,,,,,4,3,
7/2/2024 11:24,Prodi Biologi,2016,2020,Agustus,ASN/PNS,6,"Balai Besar Taman Nasional Lore Lindu, Kementerian Lingkungan Hidup dan Kehutanan",Analis Konservasi Kawasan,,,8000000,,,,,,4,5,
7/2/2024 11:25,Prodi Biologi,2018,2024,Februari,Melamar Pekerjaan,,,,,,,,,,,,4,1,
7/2/2024 11:27,Prodi Biologi,2016,2021,Juli,Karyawan Swasta,13,Dinas Pertamanan dan Hutan Kota DKI Jakarta,Laboran Kultur Jaringan,,,4800000,,,,,,5,5,
7/2/2024 11:36,Prodi Biologi,2016,2022,Februari,Pengajar,1,SMP dan SMK Adzikra,Waka Kurikulum SMK Adzikra ,,,2000000,,,,,,3,3,"Saran dr saya semoga layanan akademik fakultas lebih sigap, cepat dan tanggap"
7/2/2024 11:40,Prodi Biologi,2016,2021,Juni,Melamar Pekerjaan,13,P3JPH UIN Syarif Hidayatullah Jakarta,Admin & Sekretariat,,,2000000,,,,,,1,1,"untuk biologi, mohon untuk mengadakan mata kuliah pangan halal atau sistem halal seperti yang ada di prodi kimia, farmasi, maupun agribisnis"
7/2/2024 11:40,Prodi Biologi,2018,2022,Agustus,Pengajar,3,SDIT Quran Asyfa,Guru Kelas ,,,,,,,,,3,3,Perlunya adanya kerjasama atau mitra dengan badan usaha atau pembuat program wirausaha yang bisa di bangun sebelum kelulusan
7/2/2024 11:43,Prodi Biologi,2017,2022,Agustus,Wirausaha,1,,,2022,Textile,20000000,,,,,,2,2,
7/2/2024 11:43,Prodi Biologi,2017,2021,Agustus,melanjutkan studi,2,,,,,,2022,IPB,,,Ilmu Pengelolaan Sumberdaya Alam dan Lingkungan,4,4,
7/2/2024 11:44,Prodi Biologi,2019,2024,Juni,Melamar Pekerjaan,,,,,,,,,,,,4,1,
7/2/2024 11:45,Prodi Biologi,2017,2023,Februari,Pengajar,6,,,,,,,,,,,3,4,Kurikulum diharapkan dapat memberikan kontribusi terhadap tempat kerja
7/2/2024 11:50,Prodi Biologi,2017,2022,Agustus,Karyawan Swasta,9,Audy Dental ,Receptionist,,,4000000,,,,,,3,4,
7/2/2024 11:50,Prodi Biologi,2017,2023,Januari,Wirausaha,,,,2021,Makanan,1500000,,,,,,3,3,Sarannya mungkin diberikan bimbingan untuk lulusan biologi prospek kerjanya bisa kemana saja dan di fasilitasi/di informasikan bila ada pelatihan/sertifikasi selama berkuliah yang akan membantu mahasiswa survive di dunia kerja nantinya
7/2/2024 11:51,Prodi Biologi,2016,2021,Agustus,Pengajar,10,"Sekolah Islam Pembangunan, Yayasan Syarif Hidayatullah Jakarta",Guru kelas/ wali kelas,,,5000000,,,,,,4,4,"Saran : Meningkatkan fasilitas laboratorium dengan peralatan terbaru dan lebih lengkap. Membangun kerjasama dengan industri, lembaga penelitian, dan universitas lainnya. Menyusun kurikulum yang lebih relevan dengan kebutuhan industri dan perkembangan. 
Kesan : pengalaman belajar yang bermakna, membuka wawasan, fasilitas yang cukup mendukung proses belajar mengajar, dosen dan staf sangat mendukung dan membantu, memberikan motivasi yang berharga. "
7/2/2024 11:53,Prodi Biologi,2017,2023,November,melanjutkan studi,,,,,,,2024,Universitas Indonesia ,,,Biomedik,3,4,
7/2/2024 11:55,Prodi Biologi,2017,2022,Februari,Pengajar,1,SPNFS SKB KOTA BOGOR dan SMP IT Darul Kholidin,Tutor dan Guru,,,3000000,,,,,,4,4,
7/2/2024 11:57,Prodi Biologi,2017,2023,Mei,Pengajar,3,Anak Hebat (AHE) ,Pengajar,,,2000000,,,,,,4,2,Semoga prodi Biologi semakin maju dan menjadi prodi yang terbaik mencetak lulusan-lulusan yang memiliki kualitas membanggakan
7/2/2024 11:58,Prodi Kimia,2019,2024,Juni,Wirausaha,,,,2024,Menjual tiket saat ada suatu acara,300000,,,,,,5,4,
7/2/2024 11:58,Prodi Biologi,2017,2022,Juni,Karyawan Swasta,4,PT. Bumi Pangan Utama,Staff Analis Mikrobiologi,,,4000000,,,,,,3,5,"Mahasiswa diarahkan untuk banyak mengikuti kegiatan magang dan pelatihan di luar jam kampus serta seminar online untuk mengasah keilmuan mahasiswa di bidang biologi, perbanyak praktikum dan studi banding ke laboratorium eksternal"
7/2/2024 12:08,Prodi Kimia,2019,2024,Februari,Karyawan Swasta,2,PT. L'essential,Staff QC,,,5000000,,,,,,4,4,semoga prodi kimia banyak menjalin kerjasama dengan perusahaan
7/2/2024 12:09,Prodi Biologi,2017,2023,November,Melamar Pekerjaan,,,,,,,,,,,,4,4,
7/2/2024 12:10,Prodi Biologi,2018,2022,Januari,melanjutkan studi,,,,,,,2023,IPB,,,Agronomi dan Hortikultura,5,5,Kesan : pelayanan administrasi cepat
7/2/2024 12:11,Prodi Biologi,2017,2021,Februari,Researcher,3,Badan Riset dan Inovasi Nasional,Research Assistant,,,3500000,,,,,,5,5,
7/2/2024 12:12,Prodi Biologi,2019,2023,November,Melamar Pekerjaan,,,,,,,,,,,,4,4,
7/2/2024 12:13,Prodi Biologi,2017,2023,Februari,Pengajar,2,Yayasan Pendidikan Harapan,Guru Tidak Tetap (GTT),,,2000000,,,,,,3,3,Semoga semakin baik lagi sarana dan prasarana di prodi kita untuk menunjang para mahasiswa prodi biologi
7/2/2024 12:18,Prodi Biologi,2017,2022,Februari,Internship,1,PT Kurnia Ciptamoda Gemilang,Internship Staff,,,2000000,,,,,,3,1,
7/2/2024 12:24,Prodi Biologi,2017,2021,Februari,melanjutkan studi,,,,,,,2022,Universitas Andalas,,,Magister Biologi ,5,5,
7/2/2024 12:40,Prodi Biologi,2017,2024,Juni,Melamar Pekerjaan,,,,,,,,,,,,4,3,
7/2/2024 13:13,Prodi Biologi,2017,2022,Agustus,Karyawan Swasta,6,PT Propertindo Jaya Bersama,Administrasi,,,4000000,,,,,,1,1,"Kesan di prodi Biology itu seru banget. Saran nya Biologi di UIN supaya lebih seru dalam hal perkembangan teknologi maupun sains nya lebih abdet, slalu memberi arahan, dukungan & motivasi mahasiswa/I nya biar semakin semangattt untuk mudah berkarir di bidang nya..

Biology UIN Jakarta aku yakin semakin Keren dan meluluskan mahasiswa/I yg sangat berprestasi Dan mengharumkan nama Kampus dan Indonesia aamiin"
7/2/2024 13:17,Prodi Biologi,2017,2024,Agustus,,1,,,,,,,,,,,2,3,
7/2/2024 13:22,Prodi Biologi,2019,2023,November,melanjutkan studi,5,Badan gizi nasional ,Kepala unit pelayanan (sementara ini),,,8000000,,,,,,4,4,Saran pengembangan fasilitas di fakultas biologi dan pemeliharaan kebersihan seperti toilet
7/2/2024 13:24,Prodi Biologi,2016,2021,Februari,melanjutkan studi,,,,2021,Bisnis souvenir custom CD album (shopee: pinahouse studio),,2021,IPB,,,Biosains Hewan,4,4,
7/2/2024 13:24,Prodi Biologi,2018,2023,Juni,Karyawan Swasta,1,Nurul Fikri,Staf,,,,,,,,,1,1,
7/2/2024 13:32,Prodi Matematika,2015,2021,Mei,Karyawan Swasta,6,PT BRI Asuransi Indonesia,Adjuster Claim Analyst,,,6200000,,,,,,4,4,dunia insurance masih sangat membutuhkan aktuaris
7/2/2024 13:38,Prodi Kimia,2019,2023,November,Karyawan Swasta,6,PT. Fin Centerindo Satu,Staff Administrasi,,,5000000,,,,,,1,1,
7/2/2024 13:40,Prodi Biologi,2017,2021,Agustus,Karyawan Swasta,13,PT AJE INDONESIA,Account Payable staff,,,5000000,,,,,,3,3,
7/2/2024 13:48,Prodi Kimia,2017,2024,Agustus,Pengajar,3,,,,,3000000,,,,,,5,5,Sudah baik dan selalu baik terus kedepannya 
7/2/2024 13:48,Prodi Kimia,2017,2023,Mei,Pengajar,1,,,,,2000000,,,,,,3,2,"Untuk alumni atau yang baru lulus, bisa membuat grup untuk info mengenai pekerjaan atau apapun."
7/2/2024 14:04,Prodi Biologi,2017,2022,Februari,Karyawan Swasta,6,PT Elike Bisnis Indonesia,Admin E-Commerce Staff,,,,,,,,,3,3,
7/2/2024 16:11,Prodi Biologi,2018,2024,Februari,Internship,3,Sunday Insurance,Admin aftersales,,,,,,,,,4,1,
7/2/2024 16:18,Prodi Kimia,2019,2023,November,Melamar Pekerjaan,,,,,,,,,,,,5,5,
7/2/2024 16:42,Prodi Biologi,2018,2023,Februari,Karyawan Swasta,2,PT. Diagnos laboratorium utama,Staff genomic ,,,6000000,,,,,,4,3,Dibeberapa mata kuliah mungkin dijelaskan kembali apa saja target per semester atau silabus
7/2/2024 16:45,Prodi Biologi,2017,2022,Juni,Karyawan Swasta,1,PT Saka Uniti Indonesia,Human Capital Officer,,,,,,,,,3,2,
7/2/2024 17:24,Prodi Biologi,2018,2023,Februari,Melamar Pekerjaan,1,,,,,,,,,,,3,3,Diberikan rekomendasi saat perkuliahan sebagai bekal untuk melanjutkan pekerjaan
7/2/2024 17:36,Prodi Biologi,2016,2020,November,Karyawan Swasta,2,PT. Innolab Sains Internasional,Laboratory Analyst Genomic,,,6000000,,,,,,4,5,
7/2/2024 18:03,Prodi Biologi,2016,2022,Februari,Karyawan Swasta,1,PT. Flexylabs Instrument Indonesia,Application specialist,,,6000000,,,,,,3,3,
7/2/2024 18:14,Prodi Biologi,2018,2023,Februari,Karyawan Swasta,3,Dexa Medica (Dexa Group),,,,,,,,,,3,4,Sukses selalu prodi biologi UIN Jakarta 
7/2/2024 18:40,Prodi Biologi,2018,2023,Februari,Pengajar,3,Sekolah Islam Alfayyadh Indonesia,Pengajar,,,2000000,,,,,,4,4,
7/2/2024 22:13,Prodi Biologi,2019,2024,Februari,Karyawan Swasta,1,PT. Periplus Bookindo,Assistant Store Manager,,,6700000,,,,,,2,1,semoga kedepannya menjadi akses untuk membuka lapangan pekerjaan dengan bidang sesuai
7/3/2024 6:43,Prodi Teknik Pertambangan,2019,2023,Februari,Melamar Pekerjaan,,,,,,,,,,,,5,5,"1. meningkatkan kerja sama dengan perusahaan pertambangan untuk membuka peluang penelitian bagi mahasiswa dan membuka peluang pekerjaan bagi para alumni.

2. Menyediakan bimbingan karir dan pelatihan soft skills untuk mempersiapkan mahasiswa memasuki dunia kerja."
7/3/2024 6:59,Prodi Teknik Pertambangan,2019,2024,Januari,Internship,5,,,,,,,,,,,5,5,membuat pelatihan berstandar nasional dibawah pemerintah
7/3/2024 7:34,Prodi Teknik Pertambangan,2019,2024,Februari,Karyawan Swasta,1,PY JAMBI RESOURCES,JR Mine Plan Engineer,,,7000000,,,,,,5,5,
7/3/2024 8:09,Prodi Teknik Pertambangan,2019,2023,Februari,Melamar Pekerjaan,,,,,,,,,,,,4,4,"Saran, dari prodi membuka kesempatan bekerja sama dengan perusahaan perusahaan tambang, tidak harus perusahaan yang besar, yang nantinya dapat bekerja sama, sehingga mahasiswa yang ingin KP atau Tugas Akhir bisa berkesempatan pula bergabung di perusahaan tersebut, karena ada beberapa mahasiswa tambang kesulitan dalam mencari perusahaan untuk KP atau Tugas Akhir. Serta mahasiswa yang telah menyelesaikan studi nya dari kampus dapat ditarik dan bekerja di perusahaan tersebut. 

Kesan, senang dapat berkesempatan menjadi bagian mahasiswa tambang UIN banyak kegiatan kegiatan positif mulai dari berhimpun, melaksanakan kegiatan kuliah lapangan, dan banyak lainnya. 

Komentar, untuk kurikulum atau silabus Perencanaan Tambang diusahakan untuk belajar penggunaan software Minescape, Spray, dan software lainnya yang belum dipelajari di kampus. "
7/3/2024 8:36,Prodi Teknik Pertambangan,2019,2023,November,Karyawan Swasta,3,PT Geo Artha Selaras,Jr. Mineplan Engineer,,,6000000,,,,,,3,5,"perbanyak MoU dengan perusahaan tambang dan perbaiki sistem pembelajaran matakuliah praktikum mineplan, sesuaikan dengan kebutuhan perusahaan, sehingga nantinya mahasiswa yang lulus dari UIN Jakarta Program Studi Teknik pertambangan dapat menguasai skill penggunaan software tambang dengan baik"
7/3/2024 8:51,Prodi Teknik Pertambangan,2019,2023,Februari,Karyawan Swasta,1,,,,,,,,,,,4,5,"Sudah bagus, mungkin perlu ditingkatkan lagi keberlanjutan kerjasama dengan perusahaan-perusahaan tambang nya, sehingga mahasiswa yang hendak melakukan KP atau TA dapat relasi dengan mudah"
7/3/2024 9:05,Prodi Teknik Pertambangan,2017,2024,Juni,Karyawan Swasta,1,PT Lemanraya Jagad Utama,Account Manager,,,8000000,,,,,,5,4,"Sudah berjalan dengan baik, mohon untuk dipertahankan"
7/3/2024 9:24,Prodi Teknik Pertambangan,2019,2024,Februari,Karyawan Swasta,1,Bumi Nusantara Jaya,Field Officer Quality Control,,,,,,,,,4,4,
7/3/2024 10:26,Prodi Agribisnis S1,2008,2015,November,Pengajar,1,Unpam,Dosen,2017,Jasa traik tunai ,1000000,2016,IPB,,,Ilmu Ekonomi pertanian,3,3,Kerja sama dengan perusahaan
7/3/2024 16:05,Prodi Teknik Pertambangan,2017,2024,Juni,Wirausaha,,,,2014,Bisnis Olshop,2000000,,,,,,3,4,Perlu dikembangkan lagi untuk laboratorium dan juga diperbanyak untuk praktik di lapangannya agar dapat menunjang ilmu pengetahuan setelah lulus
7/3/2024 16:58,Prodi Teknik Pertambangan,2019,2024,Juni,Melamar Pekerjaan,,,,,,2000000,0,,,,,4,4,
7/3/2024 17:11,Prodi Kimia,2017,2021,November,ASN/PNS,1,Fakultas Kedokteran UPN ‚ÄúVeteran‚Äù Jakarta,Laboran,,,5000000,,,,,,4,4,semoga akrenya cepet naik jadi A!!
7/3/2024 17:30,Prodi Agribisnis S1,2017,2024,Agustus,Karyawan Swasta,1,PT. Maju Usaha Inovasi,Staff,,,8000000,,,,,,4,2,
7/3/2024 21:24,Prodi Agribisnis S1,2017,2024,Agustus,Melamar Pekerjaan,,,,,,,,,,,,4,4,
7/3/2024 22:01,Prodi Biologi,2016,2021,Februari,Karyawan Swasta,1,"UNDP Indonesia/ PPN Bappenas, Rainforest Alliance Indonesia",,,,,,,,,,4,4,
7/4/2024 11:08,Prodi Agribisnis S1,2018,2024,Juni,Melamar Pekerjaan,,,,,,,,,,,,5,5,
7/4/2024 11:21,Prodi Agribisnis S1,2019,2024,Agustus,Melamar Pekerjaan,,,,,,,,,,,,4,4,"Program Studi Agribisnis merupakan jurusan yang menurut saya akan relevan kedepannya. Namun, permasalahan saat ini adalah kurangnya tenaga pengajar (Dosen) serta kegiatan berupa Studium General serta kerjasama yang seharusnya lebih digiatkan untuk kedepannya. Hal tersebut diharapkan dapat meningkatkan potensi ketepatan waktu lulus mahasiswa serta menambah wawasan ilmu pengetahuan yang relevan dan up to date"
7/5/2024 9:59,Prodi Teknik Informatika,2019,2023,November,Karyawan BUMN,1,PT Pertamina Maintenance & Construction,Admin BPJS,,,,,,,,,3,4,
7/5/2024 14:20,Prodi Teknik Pertambangan,2019,2024,Juni,Melamar Pekerjaan,,tidak ada,tidak ada,,tidak ada,,,,,,,5,5,dapat ditingkatkan kembali kualitas belajar mengajar di dalam kelas
7/7/2024 10:18,Prodi Agribisnis S1,2017,2024,Februari,,,,,,,,,,,,,5,5,
7/8/2024 20:07,Prodi Agribisnis S2,2019,2023,Agustus,Karyawan Swasta,1,Pt. Tumbakmas Niagasakti,Field Sales Supervisor,,,6000000,,,,,,3,3,
7/9/2024 9:12,Prodi Matematika,2019,2023,Februari,Karyawan Swasta,1,Unilever,Inventory Excellence and Project Management Support,,,11000000,,,,,,5,5,
7/9/2024 11:23,Prodi Matematika,2018,2024,Mei,Wirausaha,,,,2023,Kuliner,8000000,,,,,,5,5,
7/9/2024 11:53,Prodi Matematika,2019,2023,Agustus,Melamar Pekerjaan,,,,,,,,,,,,4,4,
7/9/2024 19:33,Prodi Matematika,2013,2018,Februari,Wirausaha,,,,2018,Digital printing,30000000,,,,,,3,3,Sharing alumni ttg wirausaha dengan dosen tamu pada matakuliah wirausaha /bisnis atau kegiatan wirausaha yg bermanfaat lainnya
7/9/2024 20:13,Prodi Matematika,2015,2021,Agustus,Karyawan Swasta,1,PT Infosys Solusi Terpadu,Java Developer,,,11000000,,,,,,3,1,
7/10/2024 7:56,Prodi Matematika,2016,2023,Agustus,Karyawan Swasta,1,PT Kinarya Alihdaya Mandiri,Technical support data analytics ,,,7000000,,,,,,3,4,
7/10/2024 9:10,Prodi Biologi,2018,2023,November,Melamar Pekerjaan,,,,,,,,,,,,4,3,
7/10/2024 9:32,Prodi Agribisnis S1,2019,2024,Agustus,,,,,,,,,,,,,4,4,
7/10/2024 11:26,Prodi Biologi,2017,2023,Agustus,Karyawan BUMD,3,Perumda Paljaya,Staf asisten transporter Limbah B3,,,8000000,,,,,,3,3,Lebih meningkatkan administrasi dan pelayanan di ruang prodi
7/10/2024 11:26,Prodi Biologi,2016,2023,Juli,Karyawan Swasta,1,Palang Merah Indonesia,Logistik,,,2000000,,,,,,3,3,
7/10/2024 11:27,Prodi Biologi,2017,2023,Februari,Melamar Pekerjaan,,,,,,,,,,,,5,5,
7/10/2024 11:27,Prodi Biologi,2016,2023,Agustus,Mengurus Rumah Tangga,,,,,,,,,,,,3,3,
7/10/2024 11:31,Prodi Biologi,2016,2023,September,Pengajar,2,,,,,,,,,,,4,4,
7/10/2024 11:33,Prodi Biologi,2016,2023,Agustus,Wirausaha,,,,2024,usaha makanan ringan dan kue kering rumahan,1000000,,,,,,3,3,
7/10/2024 11:34,Prodi Biologi,2016,2023,Agustus,Karyawan Swasta,1,,Asisten pribadi ,,,,,,,,,3,2,"Pelayanan bagus, cepat tanggap dibantu prodi. Semoga semakin bagus dan bisa terus meningkatkan potensi mahasiswa prodi biologi "
7/10/2024 11:41,Prodi Biologi,2018,2022,Januari,Melamar Pekerjaan,,,,,,,,,,,,4,4,
7/10/2024 11:48,Prodi Biologi,2018,2023,November,Karyawan Swasta,5,BFI,Administrasi Intern,,,2500000,,,,,,3,3,
7/10/2024 11:49,Prodi Biologi,2018,2023,Februari,Wirausaha,4,,,2024,makanan ringan dan pernak pernik ,250000000,,,,,,2,2,tidak ada sudah cukup
7/10/2024 11:57,Prodi Biologi,2018,2023,Agustus,Pengajar,1,MTsN 2 Kota Bekasi,Guru,,,1000000,,,,,,4,3,
7/10/2024 11:59,Prodi Biologi,2018,2024,Februari,Karyawan Swasta,1,PT Enviro Bintang Perkasa,Staff Ahli Biologi,,,4000000,,,,,,4,4,
7/10/2024 12:01,Prodi Biologi,2018,2023,Agustus,Melamar Pekerjaan,12,,,,,,,,,,,2,3,"- Tolong bantu mahasiswa dalam menerapkan pembelajaran ke jenjang karir selanjutnya, jika mahasiswa bingung dalam memilih mata kuliah pilihan, lebih baik diberikan penyuluhan atau seminar bidang kerja yang sekiranya dapat memberi pandangan mahasiswa dalam menentukan karir dimulai dari semester awal sehingga mahasiswa tahu potensi diri dan dapat mengembangkan skill
- Tolong adakan lebih banyak seminar pelatihan yang nantinya dibutuhkan saat sertifikasi skill dalam mencari pekerjaan atau menambah pengalaman dan portofolio"
7/10/2024 12:26,Prodi Biologi,2016,2023,Agustus,Pengajar,1,SDI KAMILA INSAN CITA,PENGAJAR,,,3000000,,,,,,3,3,"SEMOGA PRODI BIOLOGI SEMAKIN BAIK LAGI, TERIMA KASIH "
7/10/2024 12:43,Prodi Biologi,2018,2023,Februari,Melamar Pekerjaan,4,,baru selesai kontrak kerja di PT Murni Dharma Karya,,,1000000,,,,,,3,3,"untuk memperluas wawasan dan informasi Mahasiswa Biologi UIN Jakarta, sebaiknya diselenggarakan seminar wajib terkait dengan ISO, atau Halal agar setiap Mahasiswa Biologi yang lulus pasti memiliki sertifikat pelatihan ISO atau Halal, supaya menambah nilai unggul alumni Biologi UIN Jakarta"
7/10/2024 12:52,Prodi Biologi,2018,2023,Agustus,Melamar Pekerjaan,,,,,,,,,,,,4,4,
7/10/2024 12:53,Prodi Biologi,2016,2023,Agustus,Karyawan Swasta,1,Dinas Perhubungan,Pegawai Honorer,,,4000000,,,,,,3,3,
7/10/2024 13:52,Prodi Biologi,2016,2023,Juni,Melamar Pekerjaan,,,,,,,,,,,,4,4,
7/10/2024 14:46,Prodi Biologi,2018,2024,Februari,sedang mencari kerja,,,,,,,,,,,,5,5,
7/10/2024 14:54,Prodi Biologi,2018,2023,Agustus,Melamar Pekerjaan,12,,,,,,,,,,,3,5,Cukup baik
7/10/2024 15:12,Prodi Biologi,2018,2023,Agustus,melanjutkan studi,1,"Sudah tidak bekerja, perusahaan sebelumnya (Mutiara Harapan Islamic School) ",Laboran,2023,Jasa Wisata Alam dan Jasa Laundry Sepatu,5000000,,,,,,2,4,Masih kurang dalam bidang spesifik ekologi dan hewan 
7/10/2024 15:48,Prodi Biologi,2016,2023,Agustus,Wirausaha,,,,2021,Peternakan sapi perah ,6000000,,,,,,4,5,
7/10/2024 16:01,Prodi Biologi,2016,2023,September,Pengajar,1,,Guru ,,,2000000,,,,,,4,4,
7/10/2024 16:14,Prodi Biologi,2018,2023,Agustus,Karyawan Swasta,4,PT Globalindo Dua Satu Ekpres,Finance Staff,,,,,,,,,3,1,"Pengalaman PKL atau Intern sangat penting, mungkin bisa diperpanjang waktunya. Banyak hal yang harus dipelajari khususnya lingkungan perkerjaan tetapi waktunya terbatas."
7/10/2024 16:25,Prodi Biologi,2017,2023,Mei,Wirausaha,,,,,,,,,,,,3,3,
7/10/2024 16:26,Prodi Agribisnis S1,2019,2024,Agustus,Melamar Pekerjaan,,,,,,,,,,,,4,3,
7/10/2024 16:59,Prodi Agribisnis S1,2017,2024,Agustus,Pengajar,1,,,,,,,,,,,4,4,dibuat efisien semua program perkuliahan sehingga bisa mempercepat mahasiswa lulus
7/10/2024 17:41,Prodi Biologi,2019,2023,November,Researcher,5,PT. Peternakan Ayam Manggis,Staff laboratorium ,,,4000000,,,,,,5,5,
7/10/2024 17:48,Prodi Biologi,2019,2023,November,Wirausaha,2,LAPIS TALAS BOGOR AND BEJI,Owner,2019,Kue,50000000,,,,,,2,1,Sarannya agar dapat jauh lebih baik dan meningkatkan fasilitas belajar mahasiswa dan mendengarkan pendapat mahasiswa 
7/10/2024 17:52,Prodi Biologi,2019,2023,November,Karyawan Swasta,1,PT. Bintang Seragam Indonesia,SEO Content Writer,,,3000000,,,,,,2,2,
7/10/2024 18:19,Prodi Biologi,2018,2024,Juni,Melamar Pekerjaan,,,,,,,,,,,,4,5,
7/10/2024 18:41,Prodi Biologi,2018,2023,Februari,Karyawan Swasta,12,Nestl√© Indonesia,Medical Delegate,,,9000000,,,,,,4,5,"Ada beberapa kuliah saya di luar UIN yg ga bisa diconvert ke SKS padahal dulu bilangnya bisa saat masih jadi mahasiswa, tolong perbaiki lagi sistemnya agar kurikulum merdeka berjalan lancar"
7/10/2024 18:54,Prodi Biologi,2016,2023,Agustus,Pengajar,1,,,2020,Menjual pakaian anak di toko dan online,3000000,,,,,,3,5,Sudah cukup baik
7/10/2024 20:22,Prodi Biologi,2018,2022,November,Karyawan Swasta,13,PT. HERMED,Qc Analyst,,,5000000,,,,,,4,4,
7/10/2024 21:46,Prodi Biologi,2018,2024,Juni,Melamar Pekerjaan,,,,,,,,,,,,5,5,
7/10/2024 22:54,Prodi Biologi,2019,2023,November,Pengajar,1,Yayasan Islam Al-Hamidiyah,Pengajar,,,,,,,,,4,1,Pelajaran telah disampaikan dengan baik oleh dosen yang kompeten di bidangnya
7/10/2024 23:02,Prodi Agribisnis S1,2017,2024,Agustus,Melamar Pekerjaan,,,,,,,,,,,,4,3,
7/11/2024 5:53,Prodi Biologi,2018,2024,Februari,Melamar Pekerjaan,,,,,,,,,,,,3,3,
7/11/2024 7:22,Prodi Biologi,2018,2024,Februari,Internship,3,,Admin after sales ,,,,,,,,,4,1,
7/11/2024 7:41,Prodi Biologi,2019,2024,Juni,Melamar Pekerjaan,,,,,,,,,,,,2,3,"Diadakan career fest, seminar studi banding dgn univ lain, sosialisasi beasiswa s2, pengenalan bidang pekerjaan di suatu perusahaan, penjurusan mulai dari pkl hingga tugas akhir agar selaras dengan pekerjaan"
7/11/2024 8:38,Prodi Biologi,2016,2023,Agustus,Karyawan Swasta,5,Instaprint,,,,2000000,,,,,,2,1,
7/11/2024 9:32,Prodi Agribisnis S1,2017,2024,Agustus,Melamar Pekerjaan,,,,,,,,,,,,4,4,
7/11/2024 16:53,Prodi Biologi,2017,2022,Februari,Pengajar,3,,,,,,,,,,,4,4,
7/14/2024 21:18,Prodi Agribisnis S1,2020,2024,Agustus,Melamar Pekerjaan,,,,,,,,,,,,4,2,"Pengadaan mata kuliah peminatan, agar mahasiswa memiliki fokus di bidang yang lebih terkhususkan"
7/14/2024 21:21,Prodi Agribisnis S1,2019,2024,Agustus,Melamar Pekerjaan,,,,,,,,,,,,4,4,"menambah jumlah dosen, karena sejauh ini prodi agribisnis masih kekurangan dosen"
7/14/2024 22:01,Prodi Agribisnis S1,2020,2024,Agustus,Melamar Pekerjaan,,,,,,,,,,,,4,4,"Terima kasih atas pelayanan yang diberikan selama ini, banyak sekali manfaat serta benefit yang saya rasakan. Keberadaan Fakultas dan program studi juga sangat hadir dalam mensupport segala aktivitas saya baik diluar kampus hingga diluar kampus.Tidak hanya itu, seluruh dosen juga demikian selalu dapat memahami aktivitas mahasiswa diluar kampus. Sehingga, pengalaman berkuliah saya menajadi sangat berkesan dan tidak dapat dilupakan. Mungkin jika Bapak/Ibu dosen segenap keluarga besar FST tidak memberikan izin kepada saya mengikuti kegiatan diluar kampus, saya tidak bisa dapat berada di titik ini. Titik yang menurut saya tidak semua mahasiswa dapat merasakannya. Sekali lagi, terima kasih banyak atas peluang dan kerjasamanya. Semoga kita selalu diberikan kesehatan dan dilancarkan segala urusannya."
7/15/2024 7:57,Prodi Agribisnis S1,2019,2024,Agustus,,,,,,,,,,,,,3,3,semoga kedepannya semakin banyak mahasiswa yang dapat lulus tepat waktu  
7/15/2024 12:16,Prodi Agribisnis S1,2018,2024,Agustus,Wirausaha,,,,2023,Kuliner,,,,,,,5,4,Sudah cukup baik
7/16/2024 22:34,Prodi Biologi,2019,2024,Juni,Karyawan Swasta,1,PT. Indogravure,Admin HRD,,,4600000,,,,,,4,2,
7/17/2024 0:18,Prodi Agribisnis S1,2018,2024,Agustus,Karyawan Swasta,1,PT. Lotte Shopping Indonesia,Staff ALC,,,4000000,,,,,,3,3,Tingkatkan kerjasam dengan perusahaan atau libatkan perusahaan dalam kurikulum akademik
7/17/2024 16:21,Prodi Agribisnis S1,2019,2024,Agustus,Melamar Pekerjaan,,,,,,,,,,,,5,5,
7/18/2024 13:24,Prodi Agribisnis S1,2019,2024,Agustus,Melamar Pekerjaan,,,,,,,,,,,,4,4,
7/18/2024 14:49,Prodi Agribisnis S1,2020,2024,Juli,sedang mencari kerja,,,,,,,,,,,,5,5,Terus dilakukan pengembangan terkait manajemen dan sumber daya manusia di Program Studi Agribisnis
7/18/2024 16:07,Prodi Agribisnis S1,2017,2024,Agustus,Melamar Pekerjaan,,,,,,,,,,,,4,4,Sudah bagus
7/19/2024 13:00,Prodi Teknik Informatika,2018,2024,Juni,Melamar Pekerjaan,,,,,,,,,,,,3,3,
7/19/2024 16:19,Prodi Agribisnis S1,2017,2024,Agustus,Melamar Pekerjaan,,,,,,,,,,,,3,3,
7/22/2024 14:28,Prodi Teknik Pertambangan,2019,2023,Oktober,Karyawan Swasta,1,PT. Natural Persada Mandiri,Database Mine Plan Engineer & Cost Control,,,6000000,,,,,,4,5,MOU antar kampus dengan perusahaan tambang lebih diperbanyak.
7/25/2024 23:17,Prodi Kimia,2019,2023,Februari,Karyawan Swasta,5,PT Haloni Jane Tbk,Staff analis laboratorium,,,4000000,,,,,,3,3,
7/27/2024 22:27,Prodi Kimia,2019,2024,Februari,Karyawan Swasta,1,PT. Kinetik Jaya,Administrasi Perusahaaan,,,,,,,,,2,2,
8/1/2024 15:49,Prodi Agribisnis S1,2019,2024,November,Melamar Pekerjaan,,,,,,,,,,,,4,4,
8/1/2024 20:14,Prodi Agribisnis S1,2018,2024,November,Melamar Pekerjaan,,,,,,,,,,,,5,5,
8/6/2024 8:42,Prodi Agribisnis S1,2020,2024,Agustus,Melamar Pekerjaan,,,,,,,,,,,,4,4,
8/6/2024 11:18,Prodi Agribisnis S1,2020,2024,November,Wirausaha,,,,2024,Kuliner,,,,,,,4,3,sepertinya perlu diadakan lagi peminatan seperti di angkatan 19 supaya mahasiswa punya fokus pada bidang tertentu
8/7/2024 11:54,Prodi Agribisnis S1,2020,2024,November,Melamar Pekerjaan,,,,,,,,,,,,4,4,Semoga dipertahankan apa yang sudah baik dan ditingkatkan kembali apa yang belum baik
8/8/2024 11:05,Prodi Agribisnis S1,2017,2024,November,Melamar Pekerjaan,,,,,,,,,,,,4,3,
8/8/2024 12:23,Prodi Agribisnis S1,2017,2024,November,Melamar Pekerjaan,,,,,,,,,,,,4,4,
8/8/2024 12:24,Prodi Agribisnis S1,2017,2024,November,,,,,,,,,,,,,5,4,
8/8/2024 12:55,Prodi Agribisnis S1,2017,2024,September,Melamar Pekerjaan,,,,,,,,,,,,4,3,
8/8/2024 13:16,Prodi Agribisnis S1,2017,2024,September,Melamar Pekerjaan,1,,,,,,,,,,,4,4,
8/8/2024 13:31,Prodi Agribisnis S1,2019,2024,November,Melamar Pekerjaan,,,,,,,,,,,,3,4,
8/8/2024 14:40,Prodi Agribisnis S1,2017,2024,November,Melamar Pekerjaan,,,,,,,,,,,,5,5,
8/8/2024 23:23,Prodi Agribisnis S1,2017,2024,November,Karyawan Swasta,1,PT. Sunindo Kookmin Best Finance,Risk Management Staff,,,5000000,,,,,,3,3,"Tidak ada, prodi sudah berjalan dengan cukup baik"
8/9/2024 8:36,Prodi Agribisnis S1,2019,2024,November,melanjutkan studi,,,,,,,,,,,,5,5,
8/9/2024 8:56,Prodi Agribisnis S1,2019,2024,November,Melamar Pekerjaan,,,,,,,,,,,,3,3,Semoga kedepan nya menjadi lebih baik dan dapat terus memberikan pengajaran-pengajaran yang bermutu bagi para mahasiswa
8/9/2024 11:51,Prodi Agribisnis S1,2020,2024,November,Melamar Pekerjaan,,,,,,,,,,,,4,4,"Untuk program Magang atau PKL (Praktik Kerja Lapang): Sebaiknya prodi atau fakultas membangun kemitraan dengan perusahaan agribisnis terkemuka, lembaga penelitian, dan lainnya untuk menyediakan kemudahan akses kesempatan magang di perusahaan besar, jika mencari sendiri tempat PKL cukup sulit untuk dapat di perusahaan besar karena keterbatasan koneksi, waktu, dan lainnya sehingga seringkali menjalani PKL atau Magang di tempat yang standar. Dampaknya pengalaman dari Magang juga standar saja dan dirasa kurang untuk bekal mencari pekerjaan"
8/9/2024 14:21,Prodi Agribisnis S1,2017,2024,November,sedang mencari kerja,13,,,,,,,,,,,4,4,Semua sudah bagus dan berharap mahasiswa bisa menjadi lebih baik
8/12/2024 11:51,Prodi Agribisnis S1,2017,2024,Agustus,Karyawan Swasta,1,Laznas PPPA Daarul Qur'an ,Staff Administrative Secretary (Divisi CSR),,,,,,,,,3,2,Kepada prodi disarankan untuk memberikan rekomendasi/memperantarai perusahaan-perusahaan besar agribisnis kepada mahasiswa/i pada saat program Magang/PKL 
8/15/2024 8:54,Prodi Agribisnis S1,2020,2024,November,Melamar Pekerjaan,,,,,,,,,,,,4,4,"Alhamdulillah saya merasa bersyukur dapat menimba ilmu di Program studi Agribisnis UIN Jakarta yang telah banyak memberikan ilmu, pengalaman belajar, praktek, serta kesan-kesan positif yang tidak dapat disebutkan satu persatu. Saran saya hanya satu, evaluasi dosen-dosen yang jarang masuk kelas, hal ini dikarenakan dosen-dosen tersebut cukup merugikan mahasiswa.yang berniat ingin belajar dengan sungguh-sungguh. Akhir kata semoga ilmu yang saya dapatkan dapat bermanfaat dunia akhirat. Amin "
8/15/2024 9:19,Prodi Agribisnis S1,2017,2024,November,Melamar Pekerjaan,,,,,,,,UGM,,,,3,3,Semoga kedepannya prodi Agribisnis bisa lebih banyak praktek dari pada teori karena hal ini dapat mengasah kemampuan untuk di dunia kerja nantinya.
8/15/2024 14:01,Prodi Agribisnis S1,2019,2024,November,Melamar Pekerjaan,1,,,,,,,,,,,3,3,Fasilitas dan program pengembangan skill pasca lulus lebih dapat dikembangkan
8/15/2024 14:17,Prodi Agribisnis S1,2017,2024,November,Wirausaha,,,,2018,"tahun 2018 saya mendirikan boutique fashion yang bernama lalashopyyy sampai saat ini, lalashopyyy menjual barang seperti tas, baju, celana, sepatu, dan sebagainya, toko lalashopyyy sudah ada di Google Maps dan juga terdapat toko onlineshop di beberapa e commerce seperti shopee dan instagram yang bernama lalashopyyy.",10000000,,,,,,4,4,
8/16/2024 6:23,Prodi Agribisnis S1,2017,2024,September,Pengajar,1,SMPN 33 Kota Tangerang,Instruksur Ekskul,,,2000000,,,,,,4,4,"Sungguh berterima kasih kepada ibu/bapak dosen kami di Agribisnis. Pada tahun pertama hingga kedua tentu menyenangkan dapat belajar di sana, tapi karena saya salah satu mahasiswa yang kena dampak covid19, pembelajaran saat itu sungguh tidak menyenangkan. Akhirnya saya putuskan untuk lebih banyak mengambil kegiatan di luar, seperti bekerja paruh waktu dan hal lainnya. Tapi Alhamdulillah atas doa orang tua dan dukungan pembimbing serta Ketua Prodi saat ini (yang terhormat Bu Rizki dan Bu Titik), kuliah saya dapat selesai. Saran untuk pengembangan Prodi, barangkali perlu dikaji ulang tentang komposisi keilmuan dosen, karena menurut saya salah satu tolok ukur pembelajaran hingga pengimplementasian kurikulum ada di bapak/ibu dosen. Sekiranya itu, mohon maaf dan terima masih."
8/16/2024 9:29,Prodi Agribisnis S1,2017,2024,November,Melamar Pekerjaan,,,,,,,,,,,,4,4,"Agribisnis UIN Jakarta adalah tempat berkuliah yg sangat berkesan bagi saya, banyak sekali ilmu dan pengalaman yang didapatkan, namun fasilitas bagi jurusan perlu ditingkatkan, seperti fasilitas kebun dan laboratorium yg memadai, agar mahasiswa tidak hanya mengerti akan teori saja tetapi paham akan pelaksanaan di lapangan."
8/16/2024 14:15,Prodi Agribisnis S1,2017,2024,November,Freelance,1,Polsektro Keb. Baru,Staff Unit SIUM,,,3000000,,,,,,4,3,
8/16/2024 15:51,Prodi Agribisnis S1,2019,2024,November,Melamar Pekerjaan,1,,,,,,,,,,,3,3,Fasilitas dan kesesuaian mata kuliah untuk upgrade softskill lebih dikembangkan
8/19/2024 10:15,Prodi Agribisnis S1,2017,2024,November,Karyawan Swasta,,,,,,,,,,,,5,5,
8/19/2024 13:41,Prodi Agribisnis S1,2017,2024,November,Karyawan Swasta,1,Kafe Kopi Sultan,Barista Kopi,,,2500000,,,,,,5,3,"Untuk fasilitas lebih ditingkatkan dan lebih mempererat hubungan antara mahasiswa dengan dosen. Hal ini bertujuan untuk mengetahui apabila mahasiswa memiliki kendala biaya, pengetahuan dalam belajar, untuk bisa didukung dan bantu agar proses perkuliahan cepat selesai."
8/19/2024 13:58,Prodi Agribisnis S1,2020,2024,November,Melamar Pekerjaan,,,,,,,,,,,,4,4,"Dosen pengajar harus memahami kepentingan tanggungjawab dalam mengajar, yakni dengan memenuhi kehadiran. Dosen pengajar juga harus dapat memahami karakteristik setiap mahasiswa, karena mahasiswa memiliki cara yang berbeda dalam memahami materi pembelajaran."
8/19/2024 16:31,Prodi Agribisnis S1,2017,2024,November,Melamar Pekerjaan,1,,,,,,,,,,,3,3,"Dibuat per kelompok sempro sesuai bimbingan dan deadline saat sempro, supaya mahasiswa cepat dan selesai sesuai deadline üôèüèª"
8/19/2024 22:40,Prodi Agribisnis S1,2019,2024,November,Melamar Pekerjaan,,,,,,,,,,,,5,5,"Pertahankan yang sudah terlaksana dengan baik, dan perbaiki apa yang seharusnya dipertahankan. Semangatt!!"
8/20/2024 12:08,Prodi Agribisnis S1,2017,2024,November,,,,,,,,,,,,,4,4,
8/20/2024 17:08,Prodi Agribisnis S1,2017,2024,November,Mengurus Rumah Tangga,,,,,,,,,,,,4,4,Semangat terus untuk prodi dalam membimbing mahasiswanya. semoga makin di berikan pahala dan kesabaran yang luas
8/20/2024 21:59,Prodi Agribisnis S1,2020,2024,November,Melamar Pekerjaan,,,,,,,,,,,,3,4,Kedepannya diharapkan prodi agribisnis dalam perkuliahan lebih fokus terhadap kegiatan praktek terhadap materi yang telah diberikan agar mahasiswa dapat lebih mengerti dan dapat mengiplementasikan secara langsung
8/21/2024 9:50,Prodi Agribisnis S1,2020,2024,November,Melamar Pekerjaan,,,,,,,,,,,,4,4,"Saran:
1. Peningkatan Fasilitas: Menambah dan memperbarui fasilitas laboratorium atau ruang praktek agar mahasiswa bisa mendapatkan pengalaman belajar yang lebih mendalam dan sesuai dengan perkembangan teknologi terbaru. 
2. Kerjasama Industri: Mengembangkan lebih banyak lagi kerjasama dengan perusahaan atau industri terkait untuk memberikan kesempatan magang atau proyek kolaboratif yang bisa menjadi pengalaman praktis bagi mahasiswa.
4. Kurikulum Berbasis Kompetensi: Menyesuaikan kurikulum dengan perkembangan industri dan kebutuhan pasar kerja agar lulusan siap bersaing secara global.

Kesan:
1. Program Studi agribisnis memberikan pengalaman belajar yang komprehensif dan mendalam, serta mendukung pengembangan kompetensi mahasiswa secara holistik.
2. Dosen-dosen di Program Studi Agribisnis sangat kompeten dan selalu siap membantu mahasiswa dalam memahami materi kuliah dan tantangan praktis di lapangan.

Komentar:
1. Program Studi ini sangat membantu dalam membentuk kemampuan analitis dan praktis yang dibutuhkan di dunia kerja. Dengan adanya peningkatan dan inovasi yang berkelanjutan, Program Studi agribisnis akan terus menghasilkan lulusan yang unggul.
2. Saya merasa Program Studi agribisnis sudah berada di jalur yang tepat, namun masih ada ruang untuk pengembangan khususnya dalam penguatan link and match antara kurikulum dengan kebutuhan industri saat ini."
8/21/2024 15:02,Prodi Agribisnis S1,2020,2024,November,Melamar Pekerjaan,,,,,,,,,,,,5,5,
8/21/2024 16:31,Prodi Agribisnis S1,2020,2024,November,,,,,,,,,,,,,4,5,
8/21/2024 22:43,Prodi Agribisnis S1,2019,2024,November,,,,,,,,,,,,,2,3,"Perbaiki fasilitas (minimal toilet), tambah jumlah dosen, perbaiki sistem kurikulum"
8/22/2024 15:31,Prodi Agribisnis S1,2017,2024,November,,,,,,,,,,,,,3,3,
8/22/2024 18:50,Prodi Agribisnis S1,2017,2024,November,Wirausaha,,,,2021,Fashion and beauty,6000000,,,,,,4,4,"Terimakasih banyak atas dukungan, motivasi, bantuan, dan pelayanannya"
8/23/2024 10:13,Prodi Agribisnis S1,2017,2024,Agustus,Melamar Pekerjaan,13,,,,,,,,,,,4,4,
8/23/2024 14:00,Prodi Agribisnis S1,2017,2024,November,Karyawan Swasta,1,PT Gemilang Rizqi Efendi Development ,Marketing Office,,,6000000,,,,,,5,5,Baik dan sesuai dengan yang dibutuhkan
8/23/2024 23:16,Prodi Agribisnis S1,2019,2024,November,Melamar Pekerjaan,,,,,,,,,,,,3,4,"tingkatkan kualitas prodi dengan menambahkan dosen yang baru, supaya dalam era skripsi banyak dosen yang mampu membimbing agar skripsi cepat selesai."
8/24/2024 1:18,Prodi Agribisnis S1,2017,2024,November,Karyawan Swasta,,"Tanatap Artisan , ",Floor Manager,,,3000000,,,,,,4,4,
8/24/2024 1:58,Prodi Agribisnis S1,2019,2024,November,Melamar Pekerjaan,,,,,,,,,,,,3,4,Kesesuaian kurikulum dan tenaga pendidik dapat mendorong keberhasilan prodi untuk lebih baik lagi kedepannya
8/26/2024 9:06,Prodi Agribisnis S1,2017,2024,November,Melamar Pekerjaan,,,,,,,,,,,,3,3,
8/26/2024 14:24,Prodi Agribisnis S1,2020,2024,November,Melamar Pekerjaan,,,,,,,,,,,,4,4,
8/26/2024 17:53,Prodi Agribisnis S1,2017,2024,November,Melamar Pekerjaan,,,,,,,,,,,,3,3,"Prodi sangat membantu dalam penyelesaian studi saya , kerja prodi sangat baik"
8/26/2024 19:12,Prodi Agribisnis S1,2020,2024,November,Melamar Pekerjaan,,,,,,,,,,,,4,4,Semoga sistem untuk seminar dan sidang lebih terintegrasi 
8/26/2024 21:35,Prodi Agribisnis S1,2020,2024,November,sedang mencari kerja,,,,,,,,,,,,4,3,"Selama masa perkuliahan saya sempat mengikuti program pertukaran mahasiswa ke kampus ptn lain dan saya merasa kbm nya sangat mendalam, serius, dan terstruktur. Tidak terburu buru, semua materi dijelaskan dengan detail dan mahasiswa diminta untuk memberikan feedback selama kbm untuk mengukur pemahaman. Selain itu, tugas yang diberikan di kelas juga sangat menuntut mahasiswa untuk paham tentang materi kuliah. Sampai saat ini materinya masih saya ingat betul dan saat ada matkul di uin yang serupa dengan yang diajarkan di kampus tersebut, saya jadi lebih percaya diri karena sebelumnya sudah pernah belajar dengan mendalam. Saya berharap perkuliahan di prodi agribisnis uin jakarta bisa lebih mendalam dan tugas yang diberikan lebih menuntut mahasiswa untuk betul betul mengerti.

Pesan lainnya, saya berterimakasih kepada prodi agribisnis yang banyak memberikan kesempatan untuk mahasiswa bisa ikut serta di banyak program seperti exchange dan magang di luar negeri."
8/27/2024 8:01,Prodi Agribisnis S1,2020,2024,November,Melamar Pekerjaan,,,,,,,,,,,,4,4,Saran dari saya untuk prodi kedepannya lebih memperhatikan mahasiswanya jangan hanya memperhatikan mahasiswa tua yang belum lulus. Memfokuskan bidang ilmu mahasiswa agar mahasiswa mendapat ilmu secara utuh. 
8/27/2024 12:06,Prodi Agribisnis S1,2019,2024,November,Karyawan Swasta,1,Sekolah Tara Salvia,Fasilitator Kegiatan,,,1000000,,,,,,3,1,
8/27/2024 12:26,Prodi Agribisnis S1,2019,2024,November,Melamar Pekerjaan,,,,,,,,,,,,5,5,
8/28/2024 10:03,Prodi Agribisnis S1,2017,2024,November,Freelance,1,,,,,,,,,,,4,3,
8/28/2024 10:57,Prodi Agribisnis S1,2017,2024,Agustus,Melamar Pekerjaan,,,,,,,,,,,,4,4,
8/28/2024 11:11,Prodi Agribisnis S1,2017,2024,November,Melamar Pekerjaan,,,,,,,,,,,,5,5,"Sarannya kampus harus meningkatkan kerjasama dengan perusahaan dan industri terkait magang dan program kemitraan akan memberikan kesempatan berharga bagi mahasiswa untuk mendapatkan pengalaman nyata, mengembangkan jaringan, serta memperoleh pemahaman yang lebih baik. Selain itu juga harus meningkatkan fasilitas seperti kamar mandi yang bersih. "
8/28/2024 11:13,Prodi Agribisnis S1,2017,2024,November,Karyawan Swasta,1,CV Kukche Mitra Sukses,Staf,,,3000000,,,,,,4,3,
8/28/2024 12:48,Prodi Agribisnis S1,2017,2024,November,sedang mencari kerja,,,,,,,,,,,,4,3,
8/28/2024 14:16,Prodi Agribisnis S1,2019,2024,November,Melamar Pekerjaan,1,,,,,,,,,,Agribisnis,4,4,Pertimbangan wajib magang (berdurasi beberapa bulan) kepada seluruh mahasiswa sebagai pembekalan pengalaman kerja. 
8/28/2024 14:34,Prodi Agribisnis S1,2019,2024,November,Melamar Pekerjaan,,,,,,,,,,,,5,5,Ditingkatkan dalam bidang respon server
9/6/2024 8:22,Prodi Agribisnis S1,2020,2024,November,Melamar Pekerjaan,,,,,,,,,,,,4,4,
9/8/2024 21:40,Prodi Biologi,2018,2023,Agustus,melanjutkan studi,3,PT Pandu Holding Company,Marketing,,,,2024,IPB,,,Ilmu Biomedis Hewan,5,5,
9/11/2024 13:28,Prodi Teknik Pertambangan,2020,2024,November,Karyawan Swasta,1,Perhimpunan Ahli Pertambangan Indonesia ,Copywriter ESG Nikel ,,,,,,,,,4,5,"Adanya program job fair untuk para alumni, yang menjembatani lulusan program studi teknik pertambangan dengan perusahaan tambang sehingga memberikan peluang besar untuk bisa bekerja"
9/18/2024 15:07,Prodi Agribisnis S1,2019,2024,November,Karyawan Swasta,1,PT. Satwa Medika Utama,Staff Admin,,,3500000,,,,,,4,5,Alhamdulillah semua berjalan dengan baik. Semoga Agribisnis kedepannya dapat menghasilkan lulusan lulusan yang baik dan bermanfaat bagi masyarakat luas
10/14/2024 14:49,Prodi Agribisnis S1,2020,2024,November,Melamar Pekerjaan,,,,,,,,,,,,4,4,saran untuk prodi membuat jadwal seminar supaya terintegrasi  dengan baik
10/15/2024 14:43,Prodi Agribisnis S1,2020,2024,November,Melamar Pekerjaan,,,,,,,,,,,,4,4,
10/18/2024 12:32,Prodi Agribisnis S1,2020,2025,Agustus,,,,,,,,,,,,,5,4,
